index,runtime_us,wake_interval_us,jitter_us
0,676,0,90
1,584,29958,49
2,556,30001,51
3,914,29991,43
4,587,29999,42
5,577,30009,52
6,422,29988,41
7,589,30009,51
8,572,29984,35
9,578,30007,43
10,580,30007,51
11,573,29996,48
12,557,29999,47
13,416,29996,44
14,563,30005,50
15,574,30001,52
16,559,29998,50
17,598,29995,46
18,550,30000,47
19,570,30000,48
20,576,30006,54
21,602,29989,44
22,565,30005,50
23,617,29995,46
24,431,30005,51
25,565,29998,50
26,567,30001,51
27,592,30003,55
28,551,29993,48
29,562,29997,46
30,587,29996,43
31,433,30003,47
32,557,30002,49
33,560,29998,48
34,572,30004,53
35,573,29988,42
36,559,30006,48
37,577,29998,47
38,586,29996,44
39,554,30014,59
40,594,29985,44
41,573,30002,47
42,418,29994,42
43,579,29996,39
44,571,30036,75
45,579,29972,48
46,555,29999,48
47,611,29985,34
48,568,30018,52
49,421,29995,48
50,574,30002,51
51,587,29999,50
52,559,30000,51
53,566,29999,51
54,573,29998,50
55,601,29993,43
56,724,30007,51
57,623,29993,45
58,575,30006,52
59,583,30003,54
60,422,29995,50
61,570,30002,53
62,565,29997,51
63,585,29999,50
64,570,30000,51
65,612,29991,43
66,554,30007,51
67,429,29995,46
68,565,30006,53
69,564,29996,50
70,560,29998,49
71,576,30002,51
72,596,29990,42
73,578,30008,51
74,574,29991,43
75,608,30008,51
76,572,29991,43
77,579,30011,55
78,426,29992,48
79,587,30002,50
80,552,29994,45
81,584,30007,53
82,563,29991,45
83,573,30004,49
84,604,29985,35
85,426,30019,55
86,557,29986,42
87,579,30005,47
88,555,30011,59
89,613,29984,44
90,562,29999,44
91,578,30005,49
92,598,29996,45
93,571,30003,49
94,595,29993,43
95,588,30007,50
96,436,30000,51
97,563,29994,46
98,559,30003,50
99,603,30002,52
100,567,29997,50
101,609,29995,46
102,727,30141,187
103,431,29863,51
104,602,30004,56
105,565,29993,50
106,590,30000,50
107,578,29997,48
108,571,30001,50
109,570,29999,50
110,425,29994,44
111,605,29998,43
112,565,30006,50
113,577,30001,52
114,424,29997,49
115,586,30002,52
116,569,30000,53
117,596,29990,44
118,623,29998,42
119,580,30005,48
120,568,30001,50
121,424,30002,53
122,553,29997,50
123,604,29993,44
124,531,30005,50
125,583,29997,48
126,563,30008,55
127,591,29993,49
128,564,29994,44
129,573,30003,48
130,569,30004,52
131,600,30001,54
132,559,29996,51
133,578,30001,53
134,561,29997,50
135,579,30000,51
136,547,29995,47
137,579,30002,50
138,586,29994,44
139,426,30004,49
140,601,29993,43
141,566,30005,49
142,579,30014,63
143,592,29998,62
144,568,29979,42
145,597,29998,41
146,433,30008,49
147,591,29999,49
148,561,29998,48
149,571,30002,51
150,567,30001,52
151,575,29995,48
152,575,29999,48
153,588,30002,51
154,565,29998,49
155,606,29985,35
156,556,30013,49
157,427,29995,44
158,564,30007,52
159,579,29989,41
160,537,30021,63
161,634,29978,41
162,585,30012,54
163,585,29988,43
164,448,30008,52
165,596,29986,38
166,551,30010,49
167,594,29997,47
168,558,30002,50
169,601,29993,43
170,558,30004,48
171,600,30003,52
172,568,29996,49
173,558,30001,50
174,598,29994,45
175,428,29998,44
176,561,30003,48
177,569,30002,50
178,552,30008,59
179,575,29992,52
180,556,29995,48
181,572,30005,53
182,431,30000,54
183,579,29996,51
184,577,30000,52
185,603,29995,47
186,558,30001,49
187,573,30000,50
188,567,29999,50
189,575,30004,54
190,551,29993,48
191,600,29996,45
192,613,29999,44
193,422,30007,51
194,562,29996,48
195,585,30003,52
196,571,29984,37
197,573,30012,49
198,564,29991,41
199,579,30009,51
200,425,29990,42
201,561,30024,66
202,591,29970,37
203,576,30012,50
204,575,29990,41
205,575,30011,52
206,558,29989,42
207,581,30007,50
208,588,29994,44
209,568,30006,51
210,551,30001,53
211,418,29995,49
212,619,29998,47
213,570,30000,48
214,519,29991,40
215,581,30009,50
216,556,30000,50
217,583,29990,41
218,422,30009,51
219,618,29991,43
220,560,30009,52
221,562,29998,51
222,563,29998,50
223,582,29998,49
224,557,29998,47
225,615,29999,47
226,576,30006,53
227,575,29994,48
228,571,30004,52
229,429,29993,46
230,553,30002,49
231,569,29999,49
232,560,30014,63
233,570,29986,50
234,570,29999,50
235,577,29998,49
236,435,30002,51
237,562,29994,46
238,546,30000,47
239,612,29992,40
240,553,30008,48
241,559,29996,45
242,597,29997,43
243,542,29999,43
244,551,30003,46
245,561,29999,46
246,679,29999,46
247,432,29995,42
248,561,30005,47
249,588,30006,54
250,559,29994,49
251,564,29999,49
252,554,29999,48
253,583,30003,52
254,428,29994,47
255,579,30001,49
256,599,29993,42
257,564,30013,56
258,552,29989,46
259,873,29997,43
260,565,30008,51
261,561,30002,54
262,548,29996,51
263,590,29999,51
264,554,30000,51
265,417,29990,42
266,588,30003,46
267,580,29996,42
268,559,30008,51
269,562,29997,49
270,571,30002,52
271,585,29998,50
272,426,30001,52
273,614,29993,46
274,552,30003,50
275,573,30002,52
276,574,29987,40
277,573,30011,52
278,550,29987,40
279,569,30012,52
280,585,29980,33
281,568,30015,49
282,553,29990,40
283,429,30007,47
284,567,29993,41
285,568,30007,49
286,553,29990,40
287,590,30011,51
288,549,29990,42
289,582,29998,41
290,432,30016,58
291,581,29991,49
292,576,29997,46
293,620,30001,48
294,560,30006,55
295,576,29997,52
296,549,29999,52
297,606,29994,47
298,568,30004,52
299,577,30000,52
300,617,30014,67
301,430,29987,55
302,547,29995,51
303,583,30001,52
304,568,30002,55
305,564,29996,52
306,555,29997,50
307,585,30007,57
308,434,29994,52
309,566,29999,52
310,610,29992,45
311,570,30012,57
312,552,29995,53
313,558,29998,52
314,625,29993,46
315,552,30006,52
316,550,29999,52
317,593,29993,46
318,580,30007,54
319,421,29989,43
320,615,30005,49
321,585,29998,48
322,569,30005,53
323,552,29989,43
324,562,30011,55
325,568,29990,46
326,422,30007,52
327,612,29982,35
328,564,30017,53
329,552,29989,43
330,570,30008,51
331,580,29991,43
332,560,30007,51
333,563,29998,50
334,567,30002,52
335,566,29990,43
336,560,30007,51
337,418,29989,41
338,574,30011,52
339,557,29988,41
340,556,30012,54
341,575,30001,56
342,591,29988,44
343,561,29997,42
344,429,30003,46
345,573,30004,51
346,577,29998,49
347,597,29990,40
348,578,30005,46
349,559,30000,47
350,566,30003,50
351,590,30009,60
352,567,29993,54
353,560,29996,51
354,607,29994,45
355,438,30007,53
356,558,29995,49
357,571,30001,51
358,903,29996,47
359,579,30006,53
360,554,29996,50
361,596,29995,46
362,424,30011,57
363,563,29991,49
364,586,29996,46
365,577,30010,57
366,567,29994,51
367,582,29993,45
368,560,30006,52
369,438,29995,48
370,573,29998,46
371,577,30005,52
372,577,29993,46
373,432,30007,54
374,676,29983,37
375,563,30013,51
376,566,29991,43
377,598,30000,44
378,605,29994,38
379,565,30015,54
380,427,29989,44
381,570,30009,53
382,591,29994,48
383,560,30004,53
384,626,30001,55
385,591,29997,52
386,604,30002,55
387,561,29996,52
388,569,29999,52
389,578,30004,56
390,571,29995,52
391,423,29994,47
392,584,29996,43
393,569,30009,52
394,576,29998,51
395,592,29994,46
396,567,30009,56
397,568,29998,54
398,425,29999,54
399,574,30018,73
400,556,29977,51
401,613,30001,52
402,585,30003,56
403,560,29999,56
404,591,29998,55
405,430,30000,55
406,584,30000,56
407,556,29995,52
408,614,29991,44
409,445,29999,43
410,595,30010,54
411,567,29990,45
412,603,30003,49
413,572,30003,52
414,571,30000,53
415,577,29992,46
416,426,29999,46
417,596,29997,43
418,604,30004,48
419,561,30006,55
420,564,29999,55
421,560,29991,46
422,573,30005,52
423,436,30005,58
424,557,29993,52
425,573,30002,54
426,589,30001,55
427,434,29997,53
428,589,29991,45
429,597,29999,44
430,602,30012,57
431,558,29993,51
432,554,30001,53
433,566,29997,50
434,423,30002,53
435,575,30000,54
436,573,30000,55
437,593,30001,56
438,608,29985,42
439,565,30011,54
440,566,30000,55
441,425,29999,54
442,587,29993,48
443,555,30001,50
444,566,30001,51
445,432,30001,53
446,596,29992,46
447,568,30010,57
448,588,29988,45
449,562,30005,51
450,572,29991,43
451,567,30008,52
452,431,29992,44
453,561,30005,50
454,577,29991,42
455,596,30006,49
456,552,29992,41
457,558,30090,132
458,571,29908,41
459,433,30012,53
460,552,29988,41
461,574,30010,52
462,572,29991,44
463,424,30000,45
464,568,30010,55
465,590,29984,40
466,594,30015,56
467,582,29987,44
468,561,30010,54
469,568,29997,52
470,417,30001,54
471,567,29998,53
472,580,30000,53
473,606,29991,45
474,573,30006,52
475,598,29991,44
476,557,30007,51
477,431,29999,51
478,586,30001,53
479,559,29998,52
480,583,29991,43
481,429,29999,43
482,582,30012,56
483,559,29993,50
484,595,29997,47
485,599,29997,45
486,578,30007,53
487,560,29997,51
488,433,30006,57
489,605,29994,52
490,576,29999,52
491,553,30005,58
492,617,29987,44
493,574,30003,48
494,576,30002,51
495,441,29993,45
496,571,30009,54
497,595,29985,40
498,587,30022,63
499,433,29978,42
500,552,30008,50
501,576,29998,49
502,714,29999,49
503,566,29991,41
504,549,30010,51
505,613,29996,48
506,429,30006,55
507,567,29997,52
508,568,30001,54
509,559,30006,61
510,569,29990,52
511,557,29999,51
512,592,29994,46
513,425,30008,55
514,587,29988,44
515,553,30008,52
516,582,30002,55
517,428,29985,41
518,581,30003,45
519,585,30011,56
520,571,29997,54
521,568,29994,49
522,621,30005,55
523,565,29997,52
524,422,29999,52
525,559,29998,51
526,583,30003,54
527,517,29998,52
528,559,29997,50
529,602,29992,43
530,578,30007,51
531,444,29994,45
532,560,30004,50
533,580,30001,52
534,559,29989,42
535,426,30010,52
536,578,29991,44
537,562,30005,50
538,578,29989,40
539,594,30005,45
540,568,29997,43
541,562,30005,49
542,419,29985,35
543,566,30019,54
544,548,29985,40
545,570,30007,48
546,581,30007,56
547,559,29995,51
548,579,29992,44
549,425,29996,41
550,589,30012,54
551,565,29996,50
552,567,29992,43
553,437,30007,51
554,582,29997,49
555,565,29998,47
556,581,30034,82
557,571,29968,51
558,590,30000,52
559,602,30003,54
560,424,29995,50
561,561,29997,48
562,573,30001,50
563,588,30014,64
564,549,29984,49
565,591,29990,40
566,602,30001,42
567,434,30003,45
568,573,30002,48
569,576,29999,48
570,587,30002,51
571,428,29997,48
572,560,30002,51
573,568,29997,49
574,588,30004,53
575,565,29987,41
576,584,30001,43
577,607,29996,40
578,420,30010,50
579,555,29991,42
580,569,30010,53
581,563,29990,44
582,595,29999,43
583,595,29987,31
584,587,30020,52
585,416,29986,39
586,610,30005,44
587,583,30007,52
588,559,29996,49
589,430,29999,49
590,589,30007,56
591,575,29994,51
592,583,29992,43
593,590,29996,40
594,592,30014,54
595,558,29994,49
596,422,30000,50
597,582,30001,52
598,568,30007,59
599,587,29983,43
600,564,30005,49
601,575,30000,50
602,579,30002,52
603,430,29992,45
604,574,30008,54
605,578,29993,48
606,571,30003,51
607,437,30000,52
608,566,29999,52
609,579,29989,42
610,610,30001,43
611,575,30008,52
612,582,30001,54
613,568,29994,49
614,906,30005,54
615,570,29997,52
616,584,29990,43
617,604,30002,46
618,593,30005,51
619,562,29999,51
620,615,29991,43
621,440,30012,56
622,578,29993,49
623,563,30002,52
624,562,30001,54
625,421,29994,49
626,589,30004,52
627,578,29995,48
628,575,30003,52
629,559,29992,45
630,681,29999,44
631,572,30010,55
632,430,29995,51
633,599,29988,40
634,573,30010,50
635,571,30003,54
636,558,29993,48
637,594,29989,38
638,579,30016,54
639,420,29994,49
640,558,29999,49
641,588,29999,49
642,608,29996,45
643,432,30001,47
644,584,30005,53
645,589,29997,50
646,581,30003,54
647,596,29992,47
648,562,29993,41
649,576,30012,53
650,414,29979,33
651,562,30018,52
652,590,30001,54
653,570,29995,49
654,609,29993,43
655,575,30029,73
656,566,29977,51
657,426,29998,49
658,576,30002,52
659,584,30001,53
660,552,29997,51
661,571,30000,51
662,583,29998,50
663,560,29998,49
664,600,29993,43
665,569,30006,49
666,582,30002,52
667,595,29989,42
668,430,30009,52
669,574,29996,48
670,572,30000,49
671,602,29998,48
672,555,30001,50
673,574,29998,48
674,571,30001,50
675,431,29999,50
676,569,30000,51
677,566,29995,46
678,572,30005,52
679,447,29997,50
680,555,29997,48
681,603,29993,41
682,598,30008,50
683,564,29990,41
684,592,30000,42
685,574,30002,44
686,431,30008,53
687,566,29987,41
688,601,30001,43
689,598,29994,37
690,586,30010,48
691,556,29990,39
692,596,30009,48
693,436,29999,47
694,579,30000,48
695,583,29994,43
696,570,30007,51
697,564,29994,45
698,611,29996,42
699,561,29995,38
700,587,30011,50
701,604,29991,41
702,586,30019,61
703,567,29992,54
704,418,29992,47
705,597,29993,40
706,580,30006,47
707,575,30006,54
708,559,29994,49
709,577,29992,41
710,586,30008,50
711,433,29999,50
712,576,29999,50
713,780,30064,114
714,594,29937,52
715,607,29991,44
716,574,30006,51
717,594,29990,41
718,598,30000,42
719,568,30009,52
720,567,30000,52
721,558,29997,50
722,422,29992,43
723,585,30007,51
724,572,30000,51
725,582,30003,55
726,571,29995,50
727,565,30001,52
728,553,29998,50
729,430,29997,48
730,577,29999,48
731,577,30001,50
732,593,29984,34
733,570,30012,47
734,570,29992,40
735,589,30002,43
736,526,29998,41
737,579,30009,51
738,566,29988,40
739,577,30011,52
740,420,29985,37
741,569,30011,49
742,610,29983,33
743,570,30015,49
744,585,30002,51
745,575,29993,45
746,574,30003,49
747,433,30000,50
748,569,30000,50
749,603,29988,39
750,580,30010,50
751,579,30000,51
752,599,29995,46
753,586,30002,49
754,606,30014,64
755,566,29985,50
756,586,29994,44
757,562,30005,50
758,571,29998,49
759,606,29994,43
760,558,30004,47
761,585,30004,52
762,581,29994,47
763,569,30000,48
764,555,29999,47
765,428,30001,49
766,575,29998,48
767,582,29992,41
768,570,30008,49
769,623,29990,40
770,575,30007,48
771,559,30001,50
772,563,30004,54
773,571,29994,49
774,575,29998,48
775,566,30001,50
776,427,29993,43
777,572,30004,48
778,576,30003,52
779,577,30001,54
780,564,29994,48
781,579,29998,47
782,583,30003,51
783,435,30003,55
784,568,29994,49
785,609,29988,38
786,622,30008,47
787,562,29992,40
788,554,30009,49
789,571,29993,43
790,570,30002,46
791,556,29992,39
792,592,30006,44
793,596,29993,38
794,422,30010,49
795,571,30001,51
796,590,29991,42
797,576,30009,52
798,570,29996,49
799,572,30002,51
800,565,29997,49
801,437,30003,53
802,592,30000,54
803,624,29989,43
804,559,30004,48
805,568,29999,48
806,578,30003,52
807,566,30000,52
808,548,29995,48
809,587,29993,42
810,570,30005,48
811,560,29998,46
812,499,30019,66
813,599,29972,39
814,572,30008,48
815,564,30000,48
816,572,29999,48
817,599,29992,41
818,573,30006,48
819,439,30006,54
820,612,29990,45
821,568,30000,46
822,576,30004,51
823,614,29995,46
824,583,29995,42
825,601,30002,45
826,575,29997,42
827,566,30008,50
828,573,29997,48
829,562,29999,48
830,432,29985,34
831,584,30019,53
832,569,29991,45
833,590,30007,53
834,562,29994,48
835,569,30000,48
836,571,30001,50
837,427,29991,42
838,586,30006,49
839,566,29999,48
840,606,29993,42
841,577,30008,51
842,584,29990,42
843,578,30011,53
844,559,29999,53
845,571,29993,47
846,567,30001,49
847,584,30004,53
848,431,29995,49
849,567,29997,47
850,606,30005,53
851,566,30000,53
852,583,29997,51
853,591,30002,54
854,605,29989,44
855,433,30007,51
856,559,29998,50
857,608,29990,41
858,610,30000,42
859,574,30009,50
860,572,30003,54
861,570,29993,48
862,577,30001,50
863,562,30000,50
864,579,30001,52
865,562,29988,41
866,573,30008,50
867,615,29985,35
868,562,30013,49
869,578,29991,41
870,889,30007,49
871,623,29996,45
872,555,30003,49
873,456,29996,46
874,621,29997,44
875,565,29996,40
876,559,30010,51
877,580,29999,51
878,575,29998,50
879,560,30000,50
880,527,29999,50
881,575,30000,51
882,568,29996,47
883,563,30001,49
884,628,29996,46
885,590,29999,46
886,615,30000,46
887,587,30011,58
888,583,29981,40
889,604,30000,41
890,584,30007,48
891,438,29995,44
892,587,29996,40
893,565,30007,48
894,591,30004,52
895,567,29998,51
896,554,29995,47
897,604,29992,40
898,568,30011,51
899,555,29999,51
900,560,29993,45
901,599,30003,49
902,577,29993,42
903,557,30002,45
904,565,29994,40
905,621,29999,40
906,575,29997,37
907,565,30009,47
908,595,29995,43
909,448,29997,41
910,587,30011,52
911,623,30009,62
912,564,29979,42
913,567,30004,47
914,580,29995,42
915,569,30010,53
916,428,29988,42
917,591,29996,39
918,618,30004,43
919,567,30004,48
920,559,29998,47
921,608,29993,41
922,602,30002,43
923,573,30007,51
924,574,29997,49
925,586,30000,50
926,582,29994,43
927,429,30006,50
928,598,29989,40
929,579,30008,49
930,573,30003,52
931,566,29995,48
932,575,30001,50
933,565,29997,48
934,432,30001,49
935,583,30004,54
936,561,29991,46
937,556,30006,53
938,617,29988,41
939,599,30000,42
940,561,30005,48
941,604,30002,51
942,603,29993,44
943,566,30004,49
944,564,30001,51
945,426,29999,51
946,583,29998,49
947,559,29993,43
948,596,29999,43
949,577,30000,44
950,563,30004,48
951,562,29991,40
952,437,30013,54
953,583,29988,43
954,566,30006,49
955,568,29992,42
956,597,29999,42
957,565,30000,43
958,609,29999,42
959,594,30014,56
960,575,29985,42
961,564,30003,46
962,575,30006,52
963,438,29998,51
964,552,29996,48
965,570,30003,52
966,584,30001,53
967,583,29986,40
968,604,30004,45
969,900,30002,48
970,426,30002,50
971,558,29999,50
972,561,29999,50
973,603,29994,44
974,568,30004,49
975,590,29993,43
976,576,30010,54
977,588,29996,50
978,576,29995,46
979,576,30002,49
980,567,30001,51
981,422,29998,49
982,568,30001,51
983,569,30000,52
984,571,30000,53
985,609,29988,41
986,570,30006,48
987,570,30005,54
988,427,29985,40
989,568,30013,53
990,596,29980,34
991,562,30019,54
992,598,29978,32
993,647,30010,42
994,618,29992,35
995,555,30012,48
996,557,29989,38
997,579,30009,47
998,572,29992,40
999,431,30010,51
1000,579,30001,53
1001,610,29988,41
1002,623,30007,49
1003,556,29998,48
1004,567,30001,50
1005,563,30002,52
1006,428,29995,48
1007,593,29995,44
1008,553,30001,46
1009,583,30000,46
1010,561,30043,90
1011,569,29960,51
1012,590,29991,43
1013,585,30006,49
1014,667,30010,60
1015,560,29987,48
1016,556,30003,52
1017,420,29990,42
1018,571,30004,47
1019,569,30002,50
1020,554,29995,46
1021,570,30002,48
1022,603,29996,45
1023,597,30012,58
1024,432,29983,42
1025,569,30006,48
1026,582,30002,50
1027,562,29992,43
1028,597,29999,43
1029,576,30004,47
1030,568,30000,48
1031,572,29995,44
1032,587,30003,48
1033,568,30000,48
1034,575,30004,53
1035,423,29986,40
1036,575,30008,49
1037,566,29999,48
1038,589,29995,44
1039,583,29988,33
1040,572,30030,64
1041,608,29982,46
1042,429,29993,40
1043,573,30010,51
1044,555,29996,48
1045,575,30006,54
1046,569,29994,49
1047,559,29998,48
1048,567,30002,51
1049,603,29993,44
1050,579,30003,48
1051,575,30004,53
1052,558,29997,51
1053,428,29997,48
1054,575,29998,47
1055,567,30001,49
1056,577,30003,53
1057,568,29996,49
1058,601,29994,44
1059,599,30011,55
1060,432,29996,52
1061,566,29997,49
1062,589,29991,41
1063,572,30011,53
1064,559,29991,45
1065,587,30006,51
1066,604,29990,42
1067,583,30000,43
1068,557,30018,62
1069,573,29988,50
1070,572,29999,50
1071,434,29998,49
1072,563,29999,48
1073,572,30001,50
1074,572,29994,45
1075,594,29997,43
1076,589,30000,43
1077,568,30009,53
1078,431,29989,43
1079,567,30004,48
1080,568,29998,46
1081,560,30006,53
1082,573,29988,42
1083,598,30000,43
1084,564,29995,38
1085,559,30007,46
1086,590,29996,43
1087,565,30003,47
1088,552,29994,41
1089,434,30005,47
1090,578,29996,44
1091,556,29999,44
1092,620,30002,45
1093,608,29994,40
1094,578,30001,42
1095,556,30008,51
1096,435,29988,39
1097,610,29999,39
1098,585,30005,45
1099,576,30006,52
1100,571,29990,42
1101,590,30004,47
1102,569,29995,43
1103,598,30000,44
1104,561,30001,45
1105,613,29992,38
1106,587,30014,53
1107,427,29992,46
1108,560,29997,43
1109,602,29999,43
1110,624,29995,39
1111,560,30003,43
1112,564,30000,43
1113,568,30009,53
1114,425,29991,45
1115,564,29997,43
1116,577,30008,51
1117,602,29995,47
1118,576,30004,52
1119,564,29991,44
1120,600,29996,40
1121,586,29996,37
1122,574,30007,45
1123,574,29999,45
1124,580,30010,55
1125,416,29988,44
1126,868,29993,37
1127,580,30008,46
1128,554,29998,44
1129,605,29992,37
1130,630,30004,42
1131,560,29999,42
1132,429,30006,48
1133,572,30001,50
1134,569,29996,47
1135,556,29998,46
1136,551,29999,45
1137,613,29997,43
1138,581,30000,44
1139,557,29999,44
1140,580,30004,48
1141,572,29995,44
1142,662,29998,43
1143,427,29991,35
1144,585,30011,46
1145,566,29998,45
1146,577,29996,42
1147,600,30000,43
1148,564,30000,43
1149,570,30006,50
1150,429,29998,49
1151,568,29994,44
1152,559,30000,44
1153,578,29998,43
1154,589,30001,45
1155,563,29997,43
1156,555,30004,47
1157,578,29995,43
1158,573,30002,46
1159,570,29997,43
1160,578,29992,35
1161,430,30009,45
1162,572,30001,47
1163,558,29996,44
1164,608,29992,36
1165,573,30009,46
1166,575,30003,50
1167,591,29995,46
1168,439,30004,50
1169,570,29993,44
1170,565,30000,45
1171,588,29999,45
1172,555,29999,44
1173,569,29998,43
1174,624,30001,45
1175,436,29999,45
1176,556,29997,42
1177,593,29993,36
1178,585,30015,52
1179,422,29989,41
1180,555,30000,42
1181,587,30003,46
1182,582,29995,42
1183,556,29999,41
1184,615,30005,47
1185,576,30003,51
1186,421,29990,42
1187,581,30001,43
1188,599,30000,44
1189,580,30000,45
1190,555,29996,42
1191,623,29995,37
1192,579,29999,36
1193,421,30009,46
1194,591,29989,36
1195,592,30015,51
1196,562,30000,52
1197,426,29997,50
1198,605,29985,36
1199,588,30013,49
1200,576,29995,45
1201,622,29994,40
1202,579,30010,51
1203,579,29992,43
1204,428,30001,45
1205,575,30004,50
1206,559,29993,44
1207,574,30000,44
1208,586,30003,48
1209,613,29988,37
1210,536,30030,68
1211,448,29970,38
1212,577,30005,44
1213,559,29997,42
1214,555,30005,48
1215,438,29999,47
1216,560,29992,40
1217,592,29994,35
1218,590,30010,46
1219,590,29998,44
1220,555,29996,41
1221,595,30009,51
1222,431,30002,54
1223,583,29987,41
1224,556,30000,42
1225,924,30003,46
1226,569,30001,47
1227,580,29997,44
1228,613,29998,43
1229,435,30003,47
1230,557,29995,43
1231,574,29999,42
1232,583,30005,48
1233,422,29995,44
1234,565,29999,44
1235,608,29993,37
1236,598,30009,47
1237,569,29998,46
1238,566,29997,44
1239,589,30012,56
1240,425,29987,44
1241,574,29998,43
1242,592,29990,34
1243,591,30010,44
1244,566,29994,39
1245,622,29998,38
1246,575,30011,50
1247,433,29994,44
1248,555,29997,42
1249,621,29997,40
1250,552,30001,42
1251,429,30001,43
1252,589,29991,35
1253,577,30008,44
1254,570,29998,43
1255,588,29998,41
1256,583,30005,47
1257,563,30000,48
1258,418,29993,42
1259,580,30002,43
1260,575,30000,44
1261,568,29997,42
1262,626,29992,35
1263,589,30007,42
1264,562,30005,48
1265,437,29995,44
1266,621,30010,55
1267,582,29978,33
1268,572,30015,49
1269,425,29993,43
1270,640,29999,43
1271,557,30019,62
1272,607,29983,46
1273,583,30002,49
1274,548,29993,43
1275,577,30007,50
1276,431,29991,42
1277,588,30003,46
1278,554,29996,43
1279,625,29992,35
1280,564,30007,43
1281,564,29998,42
1282,551,29998,41
1283,434,30000,41
1284,575,29998,40
1285,564,30003,44
1286,572,29994,39
1287,436,30004,43
1288,555,29995,39
1289,601,29995,35
1290,584,30012,48
1291,576,29994,42
1292,581,29993,35
1293,570,30013,49
1294,427,29993,43
1295,571,30000,43
1296,598,29991,35
1297,590,30012,48
1298,564,29991,40
1299,618,29995,35
1300,571,30006,42
1301,435,30002,45
1302,566,29997,43
1303,585,29998,41
1304,573,30010,52
1305,423,29982,35
1306,604,29998,33
1307,583,30011,45
1308,570,29995,41
1309,587,29994,36
1310,561,30005,41
1311,574,30007,49
1312,436,29992,42
1313,619,29993,36
1314,572,30008,44
1315,585,29996,41
1316,602,29991,33
1317,595,30002,36
1318,560,30013,49
1319,433,29994,44
1320,566,29996,41
1321,575,30004,46
1322,554,30000,46
1323,432,29997,44
1324,582,30138,183
1325,578,29861,45
1326,561,29991,35
1327,572,30003,39
1328,576,30002,42
1329,600,30000,43
1330,428,29992,35
1331,581,30005,41
1332,564,29999,41
1333,581,30005,47
1334,589,29989,36
1335,591,30007,44
1336,592,29998,43
1337,420,29993,37
1338,571,30007,44
1339,579,29998,43
1340,573,30005,49
1341,427,29992,42
1342,581,29993,35
1343,612,30000,36
1344,570,30003,40
1345,587,30005,46
1346,560,29996,42
1347,597,29998,41
1348,433,30004,46
1349,579,29994,41
1350,573,30001,42
1351,578,29999,42
1352,560,29999,42
1353,598,29992,35
1354,551,30005,40
1355,437,30003,44
1356,568,29994,39
1357,567,30003,43
1358,551,29996,39
1359,448,30007,46
1360,574,29993,40
1361,560,29999,40
1362,587,30002,42
1363,603,29990,33
1364,595,30000,34
1365,580,30018,53
1366,424,29988,41
1367,591,29993,35
1368,566,29996,32
1369,581,30013,46
1370,577,29994,40
1371,579,29999,40
1372,565,30013,54
1373,427,29980,35
1374,567,30011,46
1375,588,29995,42
1376,561,30010,53
1377,432,29990,44
1378,555,29999,43
1379,592,30000,44
1380,603,29996,41
1381,594,29993,35
1382,563,30005,40
1383,588,30009,50
1384,435,29995,46
1385,576,29997,44
1386,571,30000,44
1387,591,30002,47
1388,554,29993,41
1389,588,30005,47
1390,590,30000,47
1391,426,29996,44
1392,583,29992,36
1393,579,30009,46
1394,559,30004,50
1395,440,29992,43
1396,575,30000,44
1397,570,29998,43
1398,661,29992,35
1399,576,30002,38
1400,626,30008,47
1401,586,29997,45
1402,423,29992,37
1403,588,30004,42
1404,586,30001,44
1405,566,29999,44
1406,565,30000,44
1407,615,29990,35
1408,579,30015,51
1409,442,29985,37
1410,587,30005,42
1411,597,29999,42
1412,553,30004,47
1413,433,30001,49
1414,574,29994,43
1415,602,29993,37
1416,569,30004,42
1417,637,29996,39
1418,562,30002,41
1419,578,30007,49
1420,432,29993,43
1421,573,29998,42
1422,562,29998,40
1423,600,30024,65
1424,595,29968,34
1425,586,30011,46
1426,563,30006,51
1427,439,29991,43
1428,556,29997,41
1429,565,30000,42
1430,574,30014,56
1431,433,29985,42
1432,599,29990,33
1433,582,30008,42
1434,632,29995,37
1435,594,30004,42
1436,577,29990,33
1437,585,30020,54
1438,432,29989,43
1439,583,29997,41
1440,554,30001,43
1441,591,30004,48
1442,579,29985,33
1443,576,30006,40
1444,605,30005,46
1445,426,29998,45
1446,560,29997,42
1447,589,30003,46
1448,563,29998,45
1449,430,29989,35
1450,564,30007,42
1451,619,29991,34
1452,601,30009,44
1453,569,30000,44
1454,587,30001,46
1455,579,30006,53
1456,431,29988,42
1457,577,30003,45
1458,588,29998,44
1459,589,29999,43
1460,559,30001,45
1461,606,29993,38
1462,563,30009,48
1463,436,29990,39
1464,567,30002,42
1465,577,30002,44
1466,584,29988,33
1467,583,29999,33
1468,602,30000,34
1469,574,30009,43
1470,565,29988,32
1471,585,30012,45
1472,563,29995,41
1473,567,30008,49
1474,417,29990,40
1475,585,30001,42
1476,577,29998,41
1477,575,30004,45
1478,600,29988,34
1479,574,30007,42
1480,560,30006,49
1481,896,29996,45
1482,580,29995,41
1483,578,29991,33
1484,573,30009,43
1485,576,30003,46
1486,568,29994,41
1487,569,29999,41
1488,627,29993,35
1489,577,30007,42
1490,575,29996,39
1491,563,30009,49
1492,435,29989,38
1493,573,30003,41
1494,576,30001,43
1495,590,30000,44
1496,557,29997,42
1497,605,29999,41
1498,610,30012,54
1499,444,29986,41
1500,587,29991,33
1501,579,30012,45
1502,584,30001,47
1503,558,29991,39
1504,582,29997,37
1505,614,30003,40
1506,535,30000,41
1507,557,29998,40
1508,576,30001,42
1509,568,30006,48
1510,429,29991,40
1511,566,29999,40
1512,587,30001,42
1513,609,29995,37
1514,587,30003,41
1515,586,29992,34
1516,565,30013,48
1517,420,29987,35
1518,575,30004,40
1519,570,30003,44
1520,564,29996,41
1521,598,29993,34
1522,589,30030,65
1523,555,29975,41
1524,593,29998,40
1525,611,30006,46
1526,668,29998,44
1527,604,29998,43
1528,422,29997,41
1529,601,30004,45
1530,562,29994,40
1531,562,30001,42
1532,591,29992,35
1533,596,30007,42
1534,602,29999,42
1535,435,30001,44
1536,568,30001,46
1537,586,29998,44
1538,597,29988,33
1539,579,30008,42
1540,571,30003,46
1541,588,29998,44
1542,605,29990,35
1543,566,30009,45
1544,555,29995,41
1545,608,30004,45
1546,442,29999,45
1547,568,29998,44
1548,577,30000,45
1549,577,30003,48
1550,568,29997,46
1551,582,29987,34
1552,590,30017,52
1553,426,29995,47
1554,554,29996,44
1555,569,29996,41
1556,577,30002,44
1557,593,30000,44
1558,552,29994,39
1559,605,29996,35
1560,564,30006,42
1561,593,30001,43
1562,563,29997,41
1563,574,30012,54
1564,424,29983,38
1565,585,30007,45
1566,591,29985,31
1567,600,30005,37
1568,586,29994,32
1569,625,30002,34
1570,566,30020,55
1571,425,29986,42
1572,575,29991,34
1573,571,30011,45
1574,568,29999,45
1575,565,29996,42
1576,591,29992,35
1577,597,30015,50
1578,554,29993,44
1579,566,30000,45
1580,738,30111,157
1581,593,29893,50
1582,427,29991,42
1583,586,29999,42
1584,580,30001,44
1585,606,29992,36
1586,596,30007,44
1587,564,30000,45
1588,556,30002,48
1589,430,29996,44
1590,572,29997,42
1591,572,29999,42
1592,575,29993,35
1593,618,30001,36
1594,561,30006,43
1595,572,30003,47
1596,550,29993,41
1597,598,30002,43
1598,562,29997,41
1599,553,29999,41
1600,427,29999,41
1601,595,30004,45
1602,583,29986,32
1603,604,30010,43
1604,568,29997,41
1605,583,30002,43
1606,571,30001,45
1607,427,29994,40
1608,571,30002,43
1609,563,29997,40
1610,603,29994,35
1611,590,30008,44
1612,566,29996,41
1613,592,30008,49
1614,556,29992,42
1615,569,29999,42
1616,563,29999,42
1617,605,30002,44
1618,439,29997,42
1619,592,29990,33
1620,594,30001,35
1621,616,30023,58
1622,559,29983,42
1623,567,29999,42
1624,550,29997,40
1625,430,30001,41
1626,568,30003,44
1627,589,29989,34
1628,569,30009,44
1629,585,29998,42
1630,568,30000,43
1631,565,30007,51
1632,564,29992,44
1633,592,29998,42
1634,587,29996,39
1635,574,30013,53
1636,430,29981,35
1637,630,30044,79
1638,560,29970,50
1639,578,29994,45
1640,574,29987,33
1641,585,30010,43
1642,589,30001,45
1643,434,30000,46
1644,584,29985,32
1645,598,30015,47
1646,555,29994,42
1647,562,29999,42
1648,569,30000,42
1649,604,30006,49
1650,536,29994,44
1651,588,29998,43
1652,581,30003,46
1653,601,29996,43
1654,667,30000,44
1655,559,29999,44
1656,565,29999,43
1657,604,30001,45
1658,570,29998,44
1659,582,30000,44
1660,568,30011,55
1661,429,29978,34
1662,565,30009,44
1663,561,29995,40
1664,570,30003,43
1665,626,30000,44
1666,570,29999,44
1667,588,29989,34
1668,561,30010,44
1669,597,30001,46
1670,603,29990,37
1671,589,30006,44
1672,559,29998,42
1673,590,30001,44
1674,575,29990,35
1675,573,30008,44
1676,579,30003,47
1677,585,29997,45
1678,580,29998,44
1679,502,30037,82
1680,558,29959,41
1681,592,29999,41
1682,569,30000,42
1683,570,30000,43
1684,594,30000,43
1685,578,30006,50
1686,435,29994,45
1687,597,29989,35
1688,594,29998,33
1689,584,30018,52
1690,566,29988,41
1691,573,29998,40
1692,577,29995,34
1693,616,30014,49
1694,557,29992,42
1695,593,29991,34
1696,559,30008,42
1697,431,30000,43
1698,552,29998,42
1699,561,30000,43
1700,576,30004,47
1701,601,29996,44
1702,584,29999,44
1703,570,30005,50
1704,436,29985,35
1705,614,29998,34
1706,569,30006,41
1707,575,30009,51
1708,577,29984,35
1709,569,30009,45
1710,571,29999,45
1711,570,29999,45
1712,570,30000,45
1713,584,30001,47
1714,567,30008,56
1715,426,29978,35
1716,556,30010,45
1717,595,29991,37
1718,553,30007,45
1719,575,29998,44
1720,566,30001,45
1721,629,29998,44
1722,429,29991,36
1723,569,30006,43
1724,584,30002,45
1725,581,30004,50
1726,552,29993,43
1727,566,30001,45
1728,555,29998,43
1729,618,29995,39
1730,560,29999,39
1731,569,30005,45
1732,586,29997,42
1733,422,30002,45
1734,577,29996,42
1735,567,30003,46
1736,573,29996,42
1737,894,29998,41
1738,588,29993,35
1739,587,30008,44
1740,429,29999,43
1741,600,30002,46
1742,601,29985,32
1743,573,30011,44
1744,569,30000,44
1745,590,30001,46
1746,571,29994,41
1747,568,30003,45
1748,568,30000,45
1749,617,29993,39
1750,556,30012,52
1751,436,29992,45
1752,552,29998,43
1753,609,29993,37
1754,561,30007,45
1755,598,29996,42
1756,575,30003,45
1757,584,30003,49
1758,433,29992,42
1759,612,30005,47
1760,557,29996,43
1761,596,30004,48
1762,557,29993,42
1763,572,30002,45
1764,565,29997,42
1765,616,30006,49
1766,580,29985,35
1767,579,30000,36
1768,568,30018,54
1769,418,29989,44
1770,555,29998,43
1771,558,29998,42
1772,613,29998,40
1773,598,30005,46
1774,557,29996,43
1775,574,30010,54
1776,431,29983,37
1777,583,30009,47
1778,580,30025,73
1779,560,29970,44
1780,559,30000,44
1781,581,30000,45
1782,648,29997,43
1783,578,30001,45
1784,567,29995,40
1785,601,30007,48
1786,572,29985,34
1787,430,30010,45
1788,552,29996,41
1789,611,29998,40
1790,564,30006,47
1791,573,29997,45
1792,589,29991,35
1793,612,30008,44
1794,425,29997,42
1795,568,30001,44
1796,560,29998,42
1797,581,30002,45
1798,540,29995,41
1799,568,30005,47
1800,576,30001,48
1801,609,29999,48
1802,565,29999,48
1803,585,29985,34
1804,560,30018,52
1805,427,29992,45
1806,593,29993,39
1807,558,30001,41
1808,565,30003,44
1809,593,30003,48
1810,615,29987,36
1811,561,30014,51
1812,433,29995,46
1813,627,29990,37
1814,559,30005,43
1815,565,29999,43
1816,567,30002,45
1817,591,29992,38
1818,553,30002,41
1819,570,30003,45
1820,590,29989,34
1821,577,30008,43
1822,551,30007,51
1823,435,29985,37
1824,565,30004,41
1825,616,29995,37
1826,578,30011,48
1827,576,29994,43
1828,556,30000,43
1829,588,30003,47
1830,434,29988,36
1831,567,30004,41
1832,568,30004,45
1833,621,29993,39
1834,567,30002,42
1835,550,29996,39
1836,849,30003,42
1837,564,30003,46
1838,546,29993,40
1839,563,29999,40
1840,610,30004,44
1841,422,29997,42
1842,569,29992,35
1843,567,30009,45
1844,576,29991,36
1845,587,30006,43
1846,562,30008,52
1847,611,29995,48
1848,431,29995,43
1849,596,30004,48
1850,568,30000,49
1851,565,29996,46
1852,549,29995,41
1853,586,30003,45
1854,582,30000,46
1855,549,29996,43
1856,562,30002,45
1857,631,29993,39
1858,558,30012,52
1859,432,29992,44
1860,588,30002,46
1861,588,30000,47
1862,557,29997,45
1863,608,29997,43
1864,583,30001,44
1865,583,30006,51
1866,426,29993,45
1867,636,29991,37
1868,584,30004,41
1869,589,30002,44
1870,562,29997,42
1871,571,29999,42
1872,553,30001,43
1873,592,30003,47
1874,611,29989,37
1875,559,30005,43
1876,559,30003,46
1877,433,30010,57
1878,565,29978,36
1879,558,30005,42
1880,568,30003,45
1881,583,30001,47
1882,559,29994,42
1883,572,30008,51
1884,430,29988,39
1885,581,30004,44
1886,567,29997,42
1887,557,30000,43
1888,564,29999,42
1889,591,30001,44
1890,567,29996,41
1891,604,29995,37
1892,605,30004,40
1893,587,30005,46
1894,583,29997,44
1895,435,30001,46
1896,566,29998,44
1897,598,29998,43
1898,569,30002,46
1899,562,29998,45
1900,561,29999,44
1901,621,30004,49
1902,421,29993,43
1903,570,30001,45
1904,558,29997,42
1905,599,30005,48
1906,550,29993,42
1907,561,29999,42
1908,633,29997,39
1909,582,30004,44
1910,660,29996,41
1911,606,29993,35
1912,580,30009,44
1913,423,30000,45
1914,560,29995,41
1915,574,30004,46
1916,566,29995,41
1917,604,29994,36
1918,582,30006,43
1919,568,30007,51
1920,426,29992,43
1921,620,29991,35
1922,561,30009,45
1923,563,29994,40
1924,557,30002,42
1925,621,29998,41
1926,557,30001,42
1927,551,30000,43
1928,587,29992,35
1929,624,30001,37
1930,571,30009,47
1931,426,29992,40
1932,593,30005,45
1933,614,29997,43
1934,600,30001,45
1935,590,30038,84
1936,564,29959,43
1937,615,30000,44
1938,428,29990,35
1939,575,30008,44
1940,565,29999,43
1941,585,29999,43
1942,599,29992,36
1943,558,30003,40
1944,571,30003,43
1945,430,29993,37
1946,574,29997,35
1947,563,30005,41
1948,556,30008,49
1949,430,29997,47
1950,561,30003,51
1951,558,29993,45
1952,585,30000,45
1953,595,30000,46
1954,568,29997,44
1955,592,29997,42
1956,431,30004,46
1957,593,29999,46
1958,558,29995,42
1959,616,29996,38
1960,567,30008,46
1961,615,29990,37
1962,594,30000,38
1963,440,30006,45
1964,577,29997,42
1965,587,30001,44
1966,574,30010,55
1967,426,29980,36
1968,556,30004,40
1969,580,30004,45
1970,569,29999,45
1971,565,29995,41
1972,601,29995,36
1973,588,30008,45
1974,428,29998,44
1975,601,29994,39
1976,602,30005,44
1977,585,29997,42
1978,557,29998,41
1979,594,29991,33
1980,580,30011,44
1981,428,29997,42
1982,564,29999,42
1983,578,30001,44
1984,580,30009,53
1985,429,29988,42
1986,576,29998,41
1987,578,30001,43
1988,567,30001,44
1989,618,29991,36
1990,570,30005,42
1991,571,30009,52
1992,420,29985,36
1993,879,30001,38
1994,576,30006,45
1995,564,30000,46
1996,597,29986,32
1997,595,30013,46
1998,554,29991,38
1999,446,30004,43
2000,575,30001,44
2001,621,30002,47
2002,567,30006,54
2003,425,29985,40
2004,570,30002,42
2005,594,30001,44
2006,601,29990,35
2007,584,30008,44
2008,565,29997,41
2009,560,30009,51
2010,422,29982,34
2011,571,30008,43
2012,559,29998,41
2013,568,30002,44
2014,583,29989,34
2015,568,30007,42
2016,591,30008,50
2017,436,29989,40
2018,567,30003,44
2019,552,29994,39
2020,575,30009,48
2021,440,29995,44
2022,560,29995,40
2023,590,29991,32
2024,580,30015,47
2025,583,29996,44
2026,566,29999,43
2027,585,29992,36
2028,430,30006,42
2029,578,29998,41
2030,576,29991,33
2031,575,30010,44
2032,561,29996,40
2033,611,29994,35
2034,594,30032,68
2035,429,29973,42
2036,550,30000,42
2037,568,30001,44
2038,603,30000,45
2039,425,29995,41
2040,590,29997,38
2041,631,30010,49
2042,601,29984,34
2043,562,30009,44
2044,581,29990,34
2045,596,30019,54
2046,410,29985,40
2047,576,30001,42
2048,589,29994,36
2049,583,30005,42
2050,585,29990,33
2051,565,30008,42
2052,560,30008,50
2053,417,29992,43
2054,566,30005,49
2055,577,29998,48
2056,566,29993,41
2057,428,29994,36
2058,566,30007,44
2059,581,29999,43
2060,567,29997,40
2061,605,29995,36
2062,570,30007,44
2063,548,30006,51
2064,415,29992,43
2065,607,30005,49
2066,546,29988,38
2067,610,29996,35
2068,580,30008,43
2069,598,30001,45
2070,559,30002,48
2071,439,29992,41
2072,574,30003,44
2073,581,29998,43
2074,574,29999,43
2075,440,29999,43
2076,571,30001,44
2077,610,29998,43
2078,600,29991,35
2079,579,30006,42
2080,554,30000,42
2081,570,30010,53
2082,433,29983,37
2083,560,30005,43
2084,594,29991,34
2085,590,30012,47
2086,572,29993,41
2087,564,30001,43
2088,555,30005,48
2089,438,29998,47
2090,555,29994,42
2091,570,29998,41
2092,884,29993,33
2093,441,30010,44
2094,589,29989,34
2095,588,29998,33
2096,583,30010,43
2097,585,29999,43
2098,553,29996,40
2099,576,30010,51
2100,430,29992,43
2101,628,29993,37
2102,567,30006,44
2103,579,29999,44
2104,562,29996,40
2105,563,30025,66
2106,570,29986,53
2107,425,29990,44
2108,583,29999,43
2109,577,30001,45
2110,572,29998,44
2111,435,29991,36
2112,587,29998,34
2113,598,30009,44
2114,569,29997,42
2115,564,29999,42
2116,587,29993,35
2117,586,30009,45
2118,421,29999,45
2119,570,29997,43
2120,567,30000,43
2121,619,29994,38
2122,564,30001,40
2123,580,30004,45
2124,548,29995,40
2125,426,30003,44
2126,562,29997,41
2127,568,30001,43
2128,576,29999,42
2129,428,29993,36
2130,578,30010,47
2131,590,29995,43
2132,568,29998,41
2133,606,30020,62
2134,569,29979,42
2135,577,30005,48
2136,431,29995,43
2137,619,29993,37
2138,597,29996,34
2139,568,30005,40
2140,567,30004,44
2141,584,29997,42
2142,573,30001,44
2143,433,29995,40
2144,578,30002,42
2145,623,29993,36
2146,594,29999,36
2147,450,30002,39
2148,588,29994,33
2149,585,30007,41
2150,580,29991,33
2151,566,30007,41
2152,559,30000,41
2153,585,30000,42
2154,437,30001,44
2155,591,29991,36
2156,572,30007,43
2157,598,30002,46
2158,574,30031,78
2159,586,29967,45
2160,560,30007,52
2161,435,29993,46
2162,572,29996,43
2163,591,29992,36
2164,584,30009,45
2165,431,30000,46
2166,635,29995,42
2167,599,29993,36
2168,574,30008,44
2169,603,29991,36
2170,564,30005,42
2171,562,30008,51
2172,429,29986,37
2173,587,30007,45
2174,567,29998,44
2175,573,29998,43
2176,563,29998,41
2177,587,30003,45
2178,561,29996,42
2179,435,30001,44
2180,610,29989,33
2181,603,30013,47
2182,594,29985,33
2183,440,30009,43
2184,585,29989,32
2185,596,30012,45
2186,558,29996,42
2187,564,29999,42
2188,613,30000,42
2189,616,30003,46
2190,426,29995,42
2191,746,30054,97
2192,581,29940,36
2193,590,30009,46
2194,563,29993,40
2195,576,30003,44
2196,581,30007,51
2197,424,29987,39
2198,566,30006,46
2199,607,29986,33
2200,569,30010,43
2201,445,30002,46
2202,573,29996,43
2203,572,29997,41
2204,572,30001,42
2205,594,30002,45
2206,592,29987,33
2207,569,30014,48
2208,423,29997,45
2209,573,29998,44
2210,569,30001,46
2211,559,29994,41
2212,574,30003,44
2213,569,29997,42
2214,585,29997,40
2215,432,30001,42
2216,586,29991,33
2217,605,30002,36
2218,571,29996,33
2219,442,30009,43
2220,558,29998,41
2221,584,29999,41
2222,591,30003,45
2223,588,29987,33
2224,558,30010,43
2225,582,29998,42
2226,436,30004,46
2227,571,29995,42
2228,557,29998,40
2229,595,30002,43
2230,570,29998,42
2231,588,29990,33
2232,575,30029,62
2233,431,29971,34
2234,581,30008,43
2235,562,29994,38
2236,571,30007,45
2237,440,29996,42
2238,561,29998,41
2239,583,30002,44
2240,598,29989,33
2241,614,30002,36
2242,575,29996,33
2243,570,30017,51
2244,429,29992,43
2245,587,29998,42
2246,566,29999,42
2247,582,30003,46
2248,585,29988,34
2249,613,30001,36
2250,598,30007,44
2251,444,30001,46
2252,564,29987,33
2253,597,30010,44
2254,578,29997,42
2255,560,29997,40
2256,571,30002,42
2257,607,29992,35
2258,578,30006,42
2259,576,30000,42
2260,567,29998,40
2261,588,30011,52
2262,424,29999,52
2263,576,29989,42
2264,577,30001,43
2265,605,29995,39
2266,558,30003,43
2267,611,29988,32
2268,562,30009,41
2269,427,30003,45
2270,569,29997,43
2271,581,29997,41
2272,573,30001,42
2273,598,30002,45
2274,585,29989,35
2275,564,30006,42
2276,586,30004,46
2277,596,29997,44
2278,566,29998,43
2279,560,30003,47
2280,437,29998,45
2281,575,29999,45
2282,589,29987,33
2283,569,30006,40
2284,610,29995,35
2285,591,30005,41
2286,587,30000,42
2287,439,30000,43
2288,562,29996,39
2289,583,30002,42
2290,569,30001,44
2291,605,29989,34
2292,590,30003,36
2293,582,30004,41
2294,650,30001,43
2295,569,29995,39
2296,559,30003,42
2297,593,30013,56
2298,432,29985,42
2299,591,29990,33
2300,556,30009,42
2301,624,29997,40
2302,565,30003,44
2303,558,29998,43
2304,560,30006,49
2305,436,29995,45
2306,561,29997,43
2307,566,29998,42
2308,587,30003,45
2309,567,29999,45
2310,561,29996,42
2311,597,29993,36
2312,566,30006,42
2313,588,30001,44
2314,560,29999,44
2315,563,30006,51
2316,426,29984,35
2317,591,30000,36
2318,584,30006,43
2319,570,30002,46
2320,570,29988,34
2321,625,30015,50
2322,554,29991,42
2323,428,29998,41
2324,556,29999,40
2325,588,30006,47
2326,565,29993,40
2327,563,30000,41
2328,596,29994,35
2329,595,30007,43
2330,542,29996,40
2331,573,30004,45
2332,568,29995,40
2333,604,29996,37
2334,419,30001,39
2335,587,30008,48
2336,558,29991,39
2337,611,30003,43
2338,605,29991,35
2339,567,30004,40
2340,562,30010,50
2341,427,29992,43
2342,599,29992,36
2343,568,30004,41
2344,560,30002,43
2345,629,29995,39
2346,565,30002,42
2347,557,29997,40
2348,869,29993,33
2349,595,30011,45
2350,582,29989,35
2351,561,30007,43
2352,437,29999,42
2353,611,29993,36
2354,576,29997,34
2355,603,30001,36
2356,580,30007,43
2357,597,29999,43
2358,552,30004,48
2359,439,29996,44
2360,561,29997,41
2361,588,30001,43
2362,597,30004,48
2363,568,29991,40
2364,570,30005,45
2365,616,29994,40
2366,556,30011,52
2367,614,29980,33
2368,553,30008,41
2369,603,30001,43
2370,422,29996,40
2371,563,29999,40
2372,589,30006,46
2373,588,29995,42
2374,549,29997,40
2375,592,29995,36
2376,569,30007,43
2377,428,29993,37
2378,573,30002,40
2379,579,30004,45
2380,577,30003,48
2381,583,29994,43
2382,590,29990,34
2383,572,30018,53
2384,580,29982,35
2385,579,30007,43
2386,568,30000,44
2387,560,29998,43
2388,432,29992,35
2389,584,30031,67
2390,555,29973,41
2391,569,30000,42
2392,615,29995,36
2393,611,30009,46
2394,558,30002,49
2395,428,29991,41
2396,576,30004,45
2397,588,29995,41
2398,551,30003,45
2399,589,29988,34
2400,567,30008,42
2401,610,29995,38
2402,549,30004,43
2403,570,30000,44
2404,570,29999,43
2405,584,29998,42
2406,430,30001,44
2407,571,29997,42
2408,558,29997,39
2409,601,29999,39
2410,565,30002,42
2411,554,29996,39
2412,555,30010,49
2413,429,30000,50
2414,563,29990,41
2415,573,30004,46
2416,597,29998,44
2417,598,29991,36
2418,579,29995,32
2419,586,30018,51
2420,596,29992,43
2421,570,29999,43
2422,650,29988,32
2423,578,30010,43
2424,575,29997,40
2425,580,30008,49
2426,600,29985,34
2427,580,30007,42
2428,579,29999,41
2429,570,30000,42
2430,566,30008,51
2431,430,29987,39
2432,603,30002,41
2433,597,30003,45
2434,609,29996,42
2435,599,29989,32
2436,599,30001,33
2437,575,30018,52
2438,525,29986,39
2439,567,30001,41
2440,584,30002,43
2441,584,30001,45
2442,566,29989,35
2443,579,30009,45
2444,584,29998,43
2445,581,30001,45
2446,578,29989,35
2447,755,30125,161
2448,579,29886,47
2449,422,29987,35
2450,577,30012,48
2451,572,29995,44
2452,595,29989,33
2453,607,30002,36
2454,565,30008,45
2455,561,30003,49
2456,437,29983,32
2457,616,30003,36
2458,574,30007,44
2459,587,29999,43
2460,581,30005,48
2461,575,29995,44
2462,558,29999,44
2463,599,29988,33
2464,582,30010,43
2465,588,30000,44
2466,556,30005,50
2467,431,29983,34
2468,585,30009,43
2469,598,29995,39
2470,589,30016,56
2471,569,29988,45
2472,573,29997,42
2473,598,30006,49
2474,430,29994,44
2475,573,29998,43
2476,570,30000,43
2477,574,30001,45
2478,578,30000,46
2479,560,29993,40
2480,622,29996,36
2481,592,30007,44
2482,570,29998,43
2483,562,29997,41
2484,583,30012,53
2485,431,29993,47
2486,587,29987,35
2487,615,29997,33
2488,599,30027,60
2489,569,29981,42
2490,569,29992,35
2491,558,30005,41
2492,435,29999,39
2493,569,30002,42
2494,575,29999,42
2495,571,30001,44
2496,529,30063,107
2497,619,29942,50
2498,555,29994,45
2499,579,30000,46
2500,584,29999,45
2501,582,30003,49
2502,575,30005,55
2503,432,29980,36
2504,614,29999,35
2505,597,30009,45
2506,576,30000,46
2507,562,29998,45
2508,581,29998,43
2509,568,30009,53
2510,423,29991,45
2511,574,29997,43
2512,596,30003,46
2513,569,30000,47
2514,587,29998,46
2515,559,29997,44
2516,584,29998,42
2517,610,29995,38
2518,578,30005,44
2519,596,30002,47
2520,591,29998,45
2521,426,29993,39
2522,557,30004,44
2523,568,30000,45
2524,588,29992,37
2525,569,30008,46
2526,562,30000,46
2527,559,30007,54
2528,427,29992,46
2529,581,29999,46
2530,553,29996,43
2531,593,30000,44
2532,574,30000,44
2533,574,30001,46
2534,575,29997,44
2535,568,30001,46
2536,588,29999,45
2537,591,29991,37
2538,594,30007,45
2539,431,29998,44
2540,584,30001,45
2541,569,29999,45
2542,581,29991,37
2543,568,30007,45
2544,567,29998,43
2545,567,30008,52
2546,436,30013,66
2547,562,29975,42
2548,609,29994,36
2549,569,30012,49
2550,635,29991,41
2551,565,30001,43
2552,583,29999,42
2553,634,29999,42
2554,597,29992,35
2555,590,29997,33
2556,582,30018,51
2557,432,29994,46
2558,603,29988,35
2559,583,30012,47
2560,587,30000,47
2561,597,29989,37
2562,566,30005,43
2563,554,30004,48
2564,430,29995,43
2565,607,29993,37
2566,565,30004,42
2567,597,29993,36
2568,579,30006,42
2569,565,30001,44
2570,566,30002,47
2571,572,29987,35
2572,611,29997,33
2573,571,30009,42
2574,574,30019,62
2575,437,29985,48
2576,577,29995,44
2577,571,30002,46
2578,567,30001,48
2579,573,29994,43
2580,579,30000,44
2581,567,30006,50
2582,429,29985,36
2583,562,30005,42
2584,571,30001,44
2585,613,29996,40
2586,555,30002,43
2587,556,30000,44
2588,609,29993,38
2589,601,30000,38
2590,555,30004,43
2591,569,29999,43
2592,588,30000,43
2593,423,30001,44
2594,564,29999,44
2595,562,29998,43
2596,572,30000,44
2597,572,29999,43
2598,569,29999,43
2599,583,29992,36
2600,426,30008,45
2601,577,30001,46
2602,557,29993,40
2603,569,30006,47
2604,868,29994,42
2605,617,29997,39
2606,590,29993,33
2607,563,30009,43
2608,589,30000,44
2609,571,30001,45
2610,565,29997,43
2611,434,29999,43
2612,584,29999,43
2613,575,30000,43
2614,567,29999,43
2615,578,30000,44
2616,608,29990,35
2617,590,30009,44
2618,434,30001,46
2619,568,29996,43
2620,591,29998,42
2621,574,30005,47
2622,597,29991,39
2623,581,30004,44
2624,582,29996,41
2625,585,30008,49
2626,622,29989,38
2627,566,30003,42
2628,590,30002,45
2629,420,29997,42
2630,577,30001,44
2631,562,29997,42
2632,592,30002,45
2633,603,29991,36
2634,581,30006,43
2635,568,30010,54
2636,429,29987,42
2637,574,30003,45
2638,564,29998,44
2639,598,29991,36
2640,574,30004,41
2641,590,30003,44
2642,599,29992,37
2643,597,29997,35
2644,578,30008,44
2645,591,30022,66
2646,558,29974,41
2647,431,30005,47
2648,575,29992,40
2649,577,30008,48
2650,576,29985,34
2651,563,30009,44
2652,581,30002,47
2653,566,30003,50
2654,425,29993,44
2655,564,29997,42
2656,608,29994,37
2657,608,30000,37
2658,556,30005,43
2659,580,30000,43
2660,605,29992,36
2661,568,30009,45
2662,564,29996,42
2663,577,30000,43
2664,579,30001,45
2665,426,29993,38
2666,566,30006,45
2667,610,29988,34
2668,576,30008,43
2669,579,30004,47
2670,555,29993,41
2671,561,30009,51
2672,420,29990,42
2673,637,29997,39
2674,574,30001,41
2675,555,29999,41
2676,586,30002,44
2677,621,29992,36
2678,636,30014,51
2679,558,29993,45
2680,567,29997,43
2681,587,29998,41
2682,560,30000,42
2683,431,29998,41
2684,602,29991,33
2685,591,30009,42
2686,579,30002,45
2687,553,29993,39
2688,559,30002,42
2689,566,29999,41
2690,427,29996,38
2691,579,30003,42
2692,613,29996,38
2693,600,30008,46
2694,599,29990,37
2695,560,30004,42
2696,560,30000,43
2697,596,30002,45
2698,580,29993,39
2699,556,30001,41
2700,600,30007,49
2701,433,29989,38
2702,576,30006,45
2703,898,29996,42
2704,571,30000,43
2705,585,30000,43
2706,550,29997,41
2707,597,29995,37
2708,428,30003,41
2709,569,30001,42
2710,565,30005,48
2711,584,29984,33
2712,556,30009,43
2713,600,29999,42
2714,568,29999,42
2715,437,29997,40
2716,561,30002,43
2717,606,29994,37
2718,575,30005,43
2719,426,29997,41
2720,566,29999,41
2721,618,30004,45
2722,566,29997,43
2723,566,29997,41
2724,611,29995,37
2725,565,30015,52
2726,423,29990,42
2727,580,30001,44
2728,608,29990,35
2729,593,30011,46
2730,563,29997,44
2731,577,29999,44
2732,562,29998,43
2733,426,30001,44
2734,592,30000,45
2735,579,29997,43
2736,560,29997,41
2737,422,30002,43
2738,599,29990,34
2739,562,30006,41
2740,567,30001,43
2741,608,29994,37
2742,580,29997,35
2743,558,30013,49
2744,501,30015,65
2745,566,29978,43
2746,547,29997,41
2747,568,29998,40
2748,599,30005,46
2749,598,29997,43
2750,565,29998,42
2751,447,30000,43
2752,577,29998,42
2753,587,30000,42
2754,562,29999,42
2755,438,29993,36
2756,562,30007,44
2757,596,29996,40
2758,603,29996,37
2759,578,30005,42
2760,560,29999,42
2761,616,30003,45
2762,427,29990,36
2763,566,30004,41
2764,571,29998,40
2765,634,29997,37
2766,564,30002,40
2767,591,29995,36
2768,564,30012,49
2769,424,29987,37
2770,563,30005,42
2771,563,29999,42
2772,584,30001,44
2773,417,29997,42
2774,579,30002,44
2775,630,29993,38
2776,562,30003,42
2777,571,29999,42
2778,570,29999,41
2779,587,30008,50
2780,420,29988,39
2781,573,30002,42
2782,635,29993,35
2783,566,30005,41
2784,577,29999,41
2785,588,30003,45
2786,589,30002,47
2787,432,29991,39
2788,570,30001,41
2789,604,29993,35
2790,588,30009,44
2791,434,29995,40
2792,612,29995,35
2793,597,29999,35
2794,599,30007,42
2795,560,30000,43
2796,599,29992,36
2797,563,30005,42
2798,424,29999,41
2799,598,29994,36
2800,574,30003,40
2801,592,30009,50
2802,581,30142,192
2803,565,29850,43
2804,594,30008,52
2805,436,29992,45
2806,700,29991,36
2807,558,30005,42
2808,562,30000,43
2809,432,29995,39
2810,575,30004,43
2811,569,29997,41
2812,564,30001,43
2813,575,29999,43
2814,567,29999,42
2815,570,30005,48
2816,431,29986,35
2817,592,30000,36
2818,581,30005,41
2819,569,30001,43
2820,567,29997,41
2821,581,30002,44
2822,581,30003,47
2823,440,29985,33
2824,564,30008,42
2825,576,30001,44
2826,612,29993,36
2827,434,30004,41
2828,568,29998,40
2829,565,30001,42
2830,631,29993,35
2831,576,30006,42
2832,556,29997,40
2833,625,30006,47
2834,426,29995,42
2835,568,29996,39
2836,563,30000,40
2837,587,30005,46
2838,584,29996,42
2839,567,29999,42
2840,581,30009,52
2841,422,29990,43
2842,613,29990,33
2843,632,30009,43
2844,576,29999,43
2845,428,29998,42
2846,581,29997,39
2847,593,30003,43
2848,575,29998,42
2849,568,29997,40
2850,620,29996,36
2851,562,30013,50
2852,435,29990,41
2853,585,30001,43
2854,583,29999,42
2855,572,29998,41
2856,563,29999,41
2857,579,30004,46
2858,588,30005,51
2859,440,29989,40
2860,610,29993,34
2861,577,30008,43
2862,583,30000,43
2863,437,29997,41
2864,583,29994,36
2865,605,29998,35
2866,589,30007,42
2867,604,29994,37
2868,558,30001,39
2869,566,30011,51
2870,420,29984,35
2871,607,30006,42
2872,565,29997,40
2873,603,29995,36
2874,586,30008,44
2875,578,29993,38
2876,555,30009,48
2877,429,29988,37
2878,590,30004,41
2879,564,29999,41
2880,599,29997,39
2881,434,30003,43
2882,578,29999,42
2883,557,29996,39
2884,587,30004,44
2885,573,29997,42
2886,575,30010,52
2887,588,29991,44
2888,439,30000,45
2889,578,29999,45
2890,576,29995,40
2891,570,30001,42
2892,577,29992,34
2893,570,30007,42
2894,595,30004,46
2895,436,29997,44
2896,561,29996,41
2897,599,29993,35
2898,591,30001,36
2899,437,30005,42
2900,581,30004,47
2901,594,30019,67
2902,546,29980,47
2903,561,29994,42
2904,577,29999,42
2905,580,30002,45
2906,422,29999,44
2907,608,29998,43
2908,579,30000,44
2909,579,29997,42
2910,568,30000,42
2911,606,29990,33
2912,579,30022,56
2913,422,29980,37
2914,594,29997,34
2915,592,30009,44
2916,564,29997,42
2917,425,29991,34
2918,555,30008,42
2919,586,29998,41
2920,573,30001,43
2921,569,29997,41
2922,563,30001,43
2923,585,29997,40
2924,431,29993,34
2925,589,30012,47
2926,556,29994,41
2927,583,29999,40
2928,585,29992,33
2929,581,30012,46
2930,549,30003,50
2931,439,29994,44
2932,604,29990,35
2933,581,30006,42
2934,681,29990,33
2935,448,30010,43
2936,571,29999,43
2937,565,29995,39
2938,592,30001,41
2939,545,30025,66
2940,570,29976,43
2941,572,30000,44
2942,435,29991,36
2943,568,30006,42
2944,588,29999,42
2945,600,29993,36
2946,594,30006,43
2947,564,29999,42
2948,572,30008,51
2949,436,29995,47
2950,587,29997,45
2951,586,29989,34
2952,559,30007,42
2953,438,30001,44
2954,576,29996,41
2955,564,30000,41
2956,599,30003,45
2957,576,29995,41
2958,614,30030,72
2959,904,29974,45
2960,434,30000,46
2961,605,29988,35
2962,598,29998,34
2963,581,30012,46
2964,557,29993,40
2965,571,30002,43
2966,590,30004,48
2967,430,29986,34
2968,583,29998,33
2969,604,30001,35
2970,592,30011,47
2971,428,29993,40
2972,564,30001,42
2973,580,30003,46
2974,593,29995,42
2975,573,29998,40
2976,566,30000,41
2977,621,29995,37
2978,422,30007,45
2979,590,29989,34
2980,575,30013,48
2981,573,29995,44
2982,578,29996,41
2983,577,30001,42
2984,570,30004,47
2985,423,29987,35
2986,579,30004,40
2987,572,30002,42
2988,566,29999,42
2989,433,29999,42
2990,590,30012,55
2991,555,29986,41
2992,599,29994,35
2993,569,30007,43
2994,588,29998,42
2995,594,29993,35
2996,428,29997,33
2997,585,30012,46
2998,589,29993,40
2999,575,30002,42
3000,601,30013,56
3001,626,29981,38
3002,616,30007,46
3003,431,29998,44
3004,591,29998,43
3005,573,30002,46
3006,584,29995,42
3007,445,30001,43
3008,565,29996,40
3009,611,30001,42
3010,620,29999,42
3011,572,30001,43
3012,608,29991,35
3013,612,30001,37
3014,440,30006,44
3015,575,29997,41
3016,561,29998,40
3017,601,29996,37
3018,584,30004,42
3019,589,29992,34
3020,572,30020,55
3021,433,29990,46
3022,580,29996,43
3023,576,29998,41
3024,576,30007,49
3025,569,29993,43
3026,577,30000,43
3027,560,30000,43
3028,585,29998,42
3029,593,29994,37
3030,595,29994,32
3031,594,30014,46
3032,427,29992,39
3033,571,30003,43
3034,587,29990,34
3035,582,30009,43
3036,571,30001,45
3037,573,29997,43
3038,581,30006,50
3039,440,29993,43
3040,564,30000,44
3041,631,29991,36
3042,605,30017,54
3043,579,29987,41
3044,567,29998,40
3045,578,30002,43
3046,560,29990,34
3047,592,30000,34
3048,573,30009,44
3049,588,29997,42
3050,429,29996,39
3051,567,30002,42
3052,567,30001,43
3053,573,30000,44
3054,583,29996,41
3055,571,30000,42
3056,591,29999,41
3057,423,30000,42
3058,750,30052,95
3059,581,29945,40
3060,568,30001,41
3061,578,30000,42
3062,661,30000,43
3063,592,29989,33
3064,597,30006,39
3065,588,30004,44
3066,573,29996,41
3067,584,29991,33
3068,426,30000,33
3069,587,30009,43
3070,574,29998,42
3071,581,30001,44
3072,569,29999,43
3073,617,29992,36
3074,584,30009,46
3075,429,29996,43
3076,573,29999,42
3077,572,30002,45
3078,582,29998,44
3079,578,29998,43
3080,571,30000,43
3081,612,29993,37
3082,585,30004,42
3083,594,30000,43
3084,568,29997,40
3085,584,30005,46
3086,433,29994,41
3087,579,30002,44
3088,559,29997,41
3089,594,30004,46
3090,599,29988,35
3091,566,30007,43
3092,581,30003,45
3093,435,29997,43
3094,581,30008,52
3095,564,29987,40
3096,571,30002,42
3097,564,29999,42
3098,601,29991,34
3099,577,30025,60
3100,588,29973,33
3101,596,30011,45
3102,575,29985,31
3103,586,30012,44
3104,431,29997,41
3105,574,29999,41
3106,602,30001,43
3107,591,29999,43
3108,576,30003,46
3109,556,29994,41
3110,604,30002,44
3111,426,29995,40
3112,567,30003,43
3113,580,29999,43
3114,564,29998,42
3115,597,29989,32
3116,572,30011,43
3117,625,29989,33
3118,558,30008,42
3119,559,29996,39
3120,563,30004,43
3121,595,29997,41
3122,432,30001,43
3123,578,29999,43
3124,568,29999,42
3125,600,30002,45
3126,557,29997,42
3127,598,29993,36
3128,573,30018,54
3129,423,29988,43
3130,579,30005,49
3131,556,29993,43
3132,598,29992,35
3133,585,30006,42
3134,605,29993,36
3135,563,30015,52
3136,562,29982,34
3137,612,30010,45
3138,558,29997,43
3139,572,29999,43
3140,434,30001,44
3141,569,29999,44
3142,572,29990,35
3143,569,30007,43
3144,588,30001,44
3145,599,29997,42
3146,556,29997,40
3147,438,30007,48
3148,574,29993,41
3149,609,29997,39
3150,553,30001,41
3151,603,29994,36
3152,562,30004,40
3153,579,30009,50
3154,569,29994,45
3155,563,29997,43
3156,558,29996,39
3157,608,30030,70
3158,428,29971,42
3159,571,30003,45
3160,560,29998,43
3161,633,29995,39
3162,563,30004,44
3163,555,29996,41
3164,560,30012,54
3165,426,29995,49
3166,585,29985,35
3167,579,29998,34
3168,581,30013,48
3169,622,29987,35
3170,570,29999,35
3171,588,30009,45
3172,563,30000,46
3173,589,29999,45
3174,554,29998,44
3175,574,29999,44
3176,424,29998,43
3177,616,29990,33
3178,597,30001,35
3179,569,30010,46
3180,551,29995,42
3181,597,30005,47
3182,567,30007,55
3183,424,29978,34
3184,572,30007,42
3185,606,29994,36
3186,564,30006,43
3187,557,29998,42
3188,612,29993,36
3189,587,30009,45
3190,587,30035,81
3191,557,29959,41
3192,589,29994,35
3193,589,30008,43
3194,561,30000,44
3195,591,29988,33
3196,566,30009,43
3197,594,29999,42
3198,581,30015,58
3199,566,29984,43
3200,593,29988,32
3201,434,30016,48
3202,589,29997,46
3203,566,29996,43
3204,577,29991,35
3205,620,30002,37
3206,562,30005,43
3207,594,30004,48
3208,546,29995,44
3209,626,29994,38
3210,571,30010,49
3211,572,29992,42
3212,439,29995,38
3213,593,30008,46
3214,553,29998,45
3215,881,29999,45
3216,564,29999,45
3217,609,29990,35
3218,559,30008,44
3219,433,30001,46
3220,578,29998,45
3221,583,29998,43
3222,597,29995,39
3223,565,30003,43
3224,567,29999,43
3225,590,30008,51
3226,548,29995,46
3227,563,29994,41
3228,560,29999,41
3229,582,30003,44
3230,437,29998,43
3231,564,29999,43
3232,582,29990,34
3233,613,30012,46
3234,586,29989,36
3235,562,30004,41
3236,580,30003,45
3237,419,30000,45
3238,582,29989,35
3239,591,30009,45
3240,569,29997,43
3241,563,29999,42
3242,608,29993,36
3243,574,30010,47
3244,434,29993,41
3245,567,30002,43
3246,585,30001,45
3247,574,29999,45
3248,549,29995,41
3249,591,29994,35
3250,589,30008,44
3251,592,29992,37
3252,561,30005,43
3253,574,30003,46
3254,573,29996,43
3255,434,30005,49
3256,593,30014,64
3257,567,29979,43
3258,580,29999,43
3259,592,29991,34
3260,577,30009,44
3261,565,30001,45
3262,426,29998,44
3263,585,30000,45
3264,555,29994,40
3265,562,30002,42
3266,595,29992,35
3267,592,30001,37
3268,578,29997,35
3269,577,30009,45
3270,588,30002,47
3271,563,29993,41
3272,576,29995,37
3273,424,30007,45
3274,584,30000,45
3275,564,29998,44
3276,586,29993,38
3277,586,30007,46
3278,567,29995,41
3279,565,30011,53
3280,436,29991,45
3281,604,29991,37
3282,579,30006,43
3283,576,30002,46
3284,573,29997,44
3285,592,29990,35
3286,603,30008,43
3287,595,30001,45
3288,546,29996,42
3289,596,29993,36
3290,582,30014,50
3291,432,29992,43
3292,582,29994,37
3293,580,29996,34
3294,585,30014,48
3295,560,29991,40
3296,559,30000,41
3297,584,30014,56
3298,427,29987,43
3299,564,29996,40
3300,584,29993,34
3301,584,30011,46
3302,611,29991,37
3303,559,30003,41
3304,572,30003,45
3305,590,29997,43
3306,579,29990,33
3307,583,30009,43
3308,576,30001,45
3309,424,29998,44
3310,605,29990,34
3311,568,30008,43
3312,570,29998,42
3313,563,30000,43
3314,865,30000,43
3315,559,30001,45
3316,434,29998,44
3317,626,29991,36
3318,630,30039,75
3319,601,29959,35
3320,558,30005,41
3321,587,30004,46
3322,575,29996,42
3323,568,30001,44
3324,577,29998,43
3325,584,30001,45
3326,582,29997,41
3327,431,29994,36
3328,569,30006,43
3329,567,29998,42
3330,581,30001,43
3331,565,29998,42
3332,567,30001,44
3333,566,30007,52
3334,423,29984,36
3335,575,30005,42
3336,589,29991,34
3337,610,30000,35
3338,561,30010,45
3339,565,29996,42
3340,593,29991,34
3341,589,30009,44
3342,576,29993,37
3343,562,30006,44
3344,602,29989,34
3345,426,30010,45
3346,568,29998,43
3347,565,29998,42
3348,593,30004,47
3349,608,29996,44
3350,564,29997,41
3351,597,30004,46
3352,438,29997,44
3353,609,29992,37
3354,567,30006,43
3355,589,30029,73
3356,559,29967,41
3357,585,30002,44
3358,575,29997,41
3359,550,30003,44
3360,561,30000,45
3361,621,29989,35
3362,567,30010,46
3363,421,29996,42
3364,559,29999,42
3365,590,29999,42
3366,565,30001,44
3367,584,29990,34
3368,590,29998,33
3369,591,30013,47
3370,435,29990,38
3371,564,30005,43
3372,553,29998,42
3373,600,30000,43
3374,555,29989,33
3375,580,30010,43
3376,577,30000,44
3377,585,29998,43
3378,593,29991,35
3379,572,30010,45
3380,561,29995,41
3381,420,30000,42
3382,563,30001,44
3383,576,30001,45
3384,578,29996,42
3385,637,29992,35
3386,586,30008,44
3387,592,30000,44
3388,432,29998,43
3389,587,30000,44
3390,560,29999,44
3391,564,29997,41
3392,594,29995,36
3393,618,30000,37
3394,553,30004,42
3395,601,29992,34
3396,576,30009,44
3397,592,29995,40
3398,575,30002,43
3399,425,30001,44
3400,562,29998,43
3401,600,30002,46
3402,599,29987,34
3403,575,30012,46
3404,594,29988,35
3405,588,30019,55
3406,428,29998,54
3407,575,29990,44
3408,568,29990,35
3409,574,30006,42
3410,566,30002,45
3411,554,29996,41
3412,587,29994,36
3413,586,30056,93
3414,562,29947,41
3415,566,30004,45
3416,554,29996,42
3417,433,29995,38
3418,563,30004,43
3419,582,29999,42
3420,602,30007,50
3421,605,29984,35
3422,591,30009,45
3423,566,30004,49
3424,429,29993,43
3425,599,30006,50
3426,580,29996,46
3427,573,30000,46
3428,576,29993,40
3429,610,29993,34
3430,558,30006,41
3431,562,30002,43
3432,569,29997,41
3433,589,29999,41
3434,585,30000,42
3435,425,30000,42
3436,583,30000,43
3437,592,30001,45
3438,584,29988,34
3439,590,29999,33
3440,561,30009,43
3441,601,30008,52
3442,434,29984,37
3443,562,30005,42
3444,579,30002,45
3445,589,29996,42
3446,620,30016,59
3447,579,29985,44
3448,565,29997,42
3449,590,30002,45
3450,558,29993,39
3451,570,30005,45
3452,569,29997,42
3453,421,30000,43
3454,575,30000,44
3455,590,29990,35
3456,622,29999,34
3457,610,30007,42
3458,585,29998,41
3459,601,30011,52
3460,432,29995,47
3461,592,30000,48
3462,546,29991,40
3463,594,29993,34
3464,559,30006,40
3465,595,30004,45
3466,556,29994,40
3467,565,29994,35
3468,564,30006,41
3469,592,30001,43
3470,574,30001,45
3471,418,29996,42
3472,603,29994,36
3473,626,29998,35
3474,568,30007,43
3475,578,29998,42
3476,578,29992,34
3477,581,30016,51
3478,437,29994,46
3479,574,29993,40
3480,596,29992,32
3481,603,30010,43
3482,565,29999,43
3483,580,29997,41
3484,579,30001,42
3485,434,30003,46
3486,563,29995,42
3487,592,30000,43
3488,564,29997,40
3489,431,29995,36
3490,602,30000,37
3491,565,30003,41
3492,600,29997,37
3493,589,30003,41
3494,564,29997,39
3495,573,30005,45
3496,423,29996,41
3497,611,29990,32
3498,554,30008,41
3499,574,30001,43
3500,565,30002,45
3501,595,29996,42
3502,566,30007,50
3503,527,29993,44
3504,586,29997,41
3505,617,29996,38
3506,610,29997,36
3507,421,30004,41
3508,569,30001,42
3509,580,29998,41
3510,594,29996,38
3511,574,30003,42
3512,578,30026,68
3513,618,29975,44
3514,419,29988,33
3515,565,30013,47
3516,565,29997,44
3517,598,29991,36
3518,559,30006,43
3519,570,30000,44
3520,562,30004,48
3521,441,29998,47
3522,552,29994,42
3523,598,29993,36
3524,612,30001,37
3525,426,30005,43
3526,563,30001,44
3527,564,29998,43
3528,566,30001,44
3529,583,29997,42
3530,575,30002,45
3531,593,29988,34
3532,430,30010,45
3533,603,30001,46
3534,573,29995,42
3535,569,30000,43
3536,566,30001,45
3537,588,29999,44
3538,574,29995,40
3539,430,30002,43
3540,601,29995,39
3541,613,29995,34
3542,584,29997,32
3543,430,30011,44
3544,585,29988,33
3545,589,30009,42
3546,559,29998,41
3547,577,30001,43
3548,587,29989,33
3549,594,30012,45
3550,433,29999,45
3551,556,29996,42
3552,560,29997,40
3553,608,30008,48
3554,562,29991,40
3555,574,30001,42
3556,576,30008,51
3557,434,29988,39
3558,598,29992,32
3559,585,30011,43
3560,584,30002,46
3561,423,29997,43
3562,562,29998,42
3563,558,30001,44
3564,583,30000,45
3565,579,29999,44
3566,566,29996,41
3567,602,29995,37
3568,424,30006,44
3569,586,30000,44
3570,875,29995,40
3571,579,30003,44
3572,574,29997,42
3573,585,30001,43
3574,624,30000,44
3575,438,29988,33
3576,556,30008,42
3577,596,30006,48
3578,576,29987,36
3579,431,30005,42
3580,558,30000,43
3581,598,30004,47
3582,579,29994,42
3583,566,29996,39
3584,578,30004,44
3585,622,29990,34
3586,423,30008,43
3587,573,29997,41
3588,566,30001,43
3589,591,30002,45
3590,557,29994,40
3591,602,29995,36
3592,616,30005,41
3593,425,29994,35
3594,568,30010,46
3595,560,29996,43
3596,578,29997,41
3597,436,29999,40
3598,574,30001,42
3599,587,29997,40
3600,562,29999,40
3601,621,29999,39
3602,611,29996,36
3603,570,30004,41
3604,434,30001,43
3605,594,30001,44
3606,563,29996,41
3607,567,30001,43
3608,597,29990,34
3609,573,30009,43
3610,553,30003,47
3611,568,30020,68
3612,631,29966,35
3613,583,30006,42
3614,572,30011,53
3615,436,29988,42
3616,561,29998,41
3617,586,29994,36
3618,593,30008,44
3619,587,29986,31
3620,559,30009,41
3621,589,30000,42
3622,431,30001,43
3623,560,29997,41
3624,557,30000,42
3625,629,29995,38
3626,586,30009,46
3627,568,29994,41
3628,577,30010,52
3629,432,29983,36
3630,570,30009,45
3631,558,29992,38
3632,572,30004,43
3633,441,29999,43
3634,572,29998,41
3635,573,30003,45
3636,622,29990,36
3637,582,30006,43
3638,561,30000,43
3639,570,30000,44
3640,428,30000,45
3641,597,30001,47
3642,621,29991,38
3643,586,30005,44
3644,554,29996,41
3645,589,30002,44
3646,607,29999,43
3647,439,29998,42
3648,560,29999,42
3649,596,30004,47
3650,560,29997,44
3651,433,29997,42
3652,572,30002,45
3653,574,29999,45
3654,566,29995,40
3655,571,30001,42
3656,592,29994,37
3657,589,30006,44
3658,430,29999,43
3659,607,29994,37
3660,559,30002,40
3661,589,30003,44
3662,566,29995,39
3663,601,29996,36
3664,562,30001,38
3665,430,30006,45
3666,564,29997,42
3667,585,29993,36
3668,573,30003,40
3669,554,30136,177
3670,572,29866,43
3671,562,29998,42
3672,584,29999,42
3673,640,29993,36
3674,573,30010,46
3675,568,29995,42
3676,435,29993,36
3677,580,30007,44
3678,558,29998,42
3679,566,30001,44
3680,631,29990,35
3681,610,30008,44
3682,561,30006,50
3683,441,29994,45
3684,576,29998,44
3685,585,29999,44
3686,557,29997,42
3687,443,30000,42
3688,559,29998,41
3689,589,30001,43
3690,620,29993,37
3691,568,30003,40
3692,584,29993,33
3693,616,30004,38
3694,429,30005,44
3695,574,29999,43
3696,550,29996,40
3697,609,29997,38
3698,559,30000,39
3699,566,29999,38
3700,595,30007,46
3701,435,30001,48
3702,596,29993,42
3703,574,30000,42
3704,588,30000,43
3705,436,29991,35
3706,564,30005,41
3707,598,29994,35
3708,585,30008,44
3709,573,29995,40
3710,608,29998,39
3711,563,30002,41
3712,428,30001,43
3713,566,29999,43
3714,592,29991,35
3715,562,30008,43
3716,585,29997,41
3717,627,29996,38
3718,554,30022,61
3719,439,29982,43
3720,586,29998,42
3721,586,30004,47
3722,572,29996,44
3723,438,29997,41
3724,620,29995,37
3725,568,30007,45
3726,571,29999,44
3727,596,29989,33
3728,567,30008,42
3729,577,30002,45
3730,426,29998,44
3731,609,30001,45
3732,581,29996,42
3733,584,30002,45
3734,607,29990,36
3735,584,30009,45
3736,565,30003,49
3737,421,29991,41
3738,569,30001,43
3739,583,29998,41
3740,572,30002,44
3741,439,30000,45
3742,585,29987,33
3743,585,30006,39
3744,628,29991,31
3745,577,30011,43
3746,566,29997,41
3747,578,29998,39
3748,439,29996,36
3749,574,30005,42
3750,559,29997,40
3751,598,30007,47
3752,557,29992,40
3753,572,30001,42
3754,592,29999,42
3755,435,30002,44
3756,570,29997,42
3757,575,30000,43
3758,593,30002,46
3759,440,29996,42
3760,567,29998,40
3761,620,29992,33
3762,578,30010,44
3763,583,29994,39
3764,583,30001,40
3765,579,30003,44
3766,427,29995,40
3767,590,29993,34
3768,586,30034,68
3769,572,29975,44
3770,556,29996,41
3771,611,30000,42
3772,564,30003,45
3773,428,30022,68
3774,555,29969,38
3775,584,30009,48
3776,565,29992,40
3777,432,30001,42
3778,610,29989,32
3779,586,30011,44
3780,575,29996,40
3781,565,30002,43
3782,581,29991,35
3783,581,30006,42
3784,428,29998,40
3785,565,30004,45
3786,561,29996,42
3787,588,30000,43
3788,589,29989,32
3789,585,30013,46
3790,557,29994,41
3791,442,29998,40
3792,600,29997,36
3793,579,30006,43
3794,561,29999,43
3795,622,29989,33
3796,567,30011,44
3797,573,29994,39
3798,568,30003,43
3799,596,29999,43
3800,570,29999,42
3801,621,29995,38
3802,432,30003,42
3803,599,30000,43
3804,558,29997,40
3805,592,29996,37
3806,567,30005,43
3807,583,29998,42
3808,570,30000,42
3809,438,29994,37
3810,557,30005,43
3811,572,29994,38
3812,598,29997,35
3813,581,30006,42
3814,566,29996,39
3815,605,30001,41
3816,600,29996,37
3817,592,29996,34
3818,550,30005,40
3819,585,30003,44
3820,437,29999,43
3821,570,29999,43
3822,588,29990,34
3823,598,30010,45
3824,552,29994,39
3825,569,30002,42
3826,930,30003,45
3827,443,29999,45
3828,569,29996,42
3829,608,29994,36
3830,578,30011,48
3831,593,29993,42
3832,588,29990,33
3833,611,30009,42
3834,589,30001,44
3835,582,29999,44
3836,577,29999,44
3837,579,30002,46
3838,423,29996,43
3839,610,29989,33
3840,581,30011,45
3841,607,29992,37
3842,586,29999,37
3843,582,30005,43
3844,594,30002,46
3845,436,30000,46
3846,603,29989,36
3847,597,30009,46
3848,596,29986,33
3849,611,30002,35
3850,586,29998,34
3851,584,30009,44
3852,555,29999,44
3853,563,29998,42
3854,564,30001,44
3855,578,29996,41
3856,432,30001,43
3857,584,30007,50
3858,550,29989,40
3859,614,30005,45
3860,553,29993,39
3861,575,30006,45
3862,554,29994,40
3863,430,29995,36
3864,571,30003,40
3865,569,30001,41
3866,595,29990,32
3867,615,30026,59
3868,566,29979,39
3869,563,30011,50
3870,544,29990,41
3871,589,30002,44
3872,556,29993,38
3873,604,29998,36
3874,432,30007,44
3875,582,29994,39
3876,607,29996,36
3877,569,30006,42
3878,569,30001,44
3879,573,29997,42
3880,603,29993,36
3881,436,30010,46
3882,558,29992,39
3883,607,29993,33
3884,625,30001,35
3885,574,30006,41
3886,554,29999,41
3887,577,30004,46
3888,563,29998,45
3889,557,29994,39
3890,567,30001,41
3891,588,30003,45
3892,433,29990,35
3893,602,29999,35
3894,552,30005,40
3895,597,30007,48
3896,561,29990,39
3897,588,29997,37
3898,585,30007,44
3899,430,29999,44
3900,570,29994,39
3901,583,30007,47
3902,576,29999,46
3903,614,29988,35
3904,554,30007,43
3905,603,29988,32
3906,549,30012,44
3907,575,29999,44
3908,569,30001,46
3909,569,29999,46
3910,425,29986,32
3911,583,30011,44
3912,573,29999,44
3913,605,29989,34
3914,586,30000,34
3915,592,30009,44
3916,574,29998,43
3917,433,29991,35
3918,571,29999,34
3919,580,30009,44
3920,582,29989,34
3921,569,30009,44
3922,565,30000,44
3923,578,30004,49
3924,558,29994,44
3925,750,30070,115
3926,556,29941,55
3927,578,29986,42
3928,432,30000,43
3929,578,29999,43
3930,581,29990,33
3931,614,29999,33
3932,572,30010,44
3933,561,29998,43
3934,571,30001,44
3935,427,29998,43
3936,568,30001,45
3937,584,29985,31
3938,574,30011,42
3939,597,30003,46
3940,586,29999,46
3941,565,30004,51
3942,572,29985,36
3943,586,30007,44
3944,562,29996,41
3945,576,30006,48
3946,429,29996,44
3947,601,29990,35
3948,596,30000,36
3949,587,30012,49
3950,557,29993,42
3951,577,30000,43
3952,584,29994,38
3953,435,30007,46
3954,576,29996,42
3955,588,30001,44
3956,585,30002,47
3957,603,29986,34
3958,562,30039,74
3959,601,29977,50
3960,565,29998,49
3961,562,29993,43
3962,561,29999,43
3963,587,30003,46
3964,423,29988,35
3965,609,30003,39
3966,568,30023,63
3967,592,29972,35
3968,569,30008,44
3969,589,29998,43
3970,572,30001,45
3971,431,29998,43
3972,581,30002,46
3973,575,29997,44
3974,592,29992,37
3975,566,30006,43
3976,560,29998,42
3977,568,30009,52
3978,558,29991,44
3979,567,30001,45
3980,583,29998,44
3981,595,30001,46
3982,444,29987,34
3983,580,30008,42
3984,604,29996,39
3985,575,30003,43
3986,574,29991,35
3987,566,30011,46
3988,560,29998,45
3989,428,29999,45
3990,596,30001,47
3991,588,29987,34
3992,591,30004,38
3993,567,30005,44
3994,584,30002,47
3995,561,30003,50
3996,435,29991,42
3997,573,30003,46
3998,563,29994,41
3999,589,29994,35
4000,550,30004,40
4001,621,29996,37
4002,567,30004,42
4003,584,30004,46
4004,571,29994,41
4005,580,30001,43
4006,582,29999,43
4007,441,30002,45
4008,591,29988,34
4009,610,30004,39
4010,583,30005,45
4011,564,29998,43
4012,555,29997,41
4013,571,30008,50
4014,431,29995,46
4015,575,29993,39
4016,590,29994,34
4017,619,30002,37
4018,609,29999,37
4019,569,30006,44
4020,567,29990,34
4021,597,30012,47
4022,576,29997,45
4023,570,29997,43
4024,556,30034,77
4025,422,29966,44
4026,594,30000,44
4027,561,29994,39
4028,595,30008,47
4029,564,29992,40
4030,581,30012,53
4031,565,30000,54
4032,431,29990,44
4033,599,29990,35
4034,573,30006,42
4035,606,29992,35
4036,561,30010,45
4037,573,29998,44
4038,584,29998,43
4039,571,29999,43
4040,575,30003,46
4041,623,29988,35
4042,602,30000,36
4043,434,30026,63
4044,575,29981,44
4045,608,29994,39
4046,589,30007,47
4047,597,29994,42
4048,567,30004,46
4049,567,30005,52
4050,421,29984,37
4051,558,30005,43
4052,609,29993,36
4053,566,30009,46
4054,570,29985,32
4055,584,30013,46
4056,561,29996,42
4057,570,30002,45
4058,573,29996,42
4059,579,30004,46
4060,568,29996,42
4061,424,30000,43
4062,620,29992,36
4063,568,30008,45
4064,557,29996,41
4065,623,29996,38
4066,586,30004,43
4067,598,30001,45
4068,428,29997,42
4069,573,30004,47
4070,570,29993,41
4071,561,30001,43
4072,590,29995,38
4073,576,30006,45
4074,575,29996,42
4075,574,30004,47
4076,564,29998,45
4077,576,29999,45
4078,592,29997,43
4079,439,29992,36
4080,568,30008,45
4081,562,29996,41
4082,580,30003,45
4083,563,29997,43
4084,599,29991,35
4085,562,30006,41
4086,545,30029,71
4087,560,29970,42
4088,574,29992,35
4089,610,30005,40
4090,581,30001,42
4091,557,29999,42
4092,585,29992,34
4093,594,30011,45
4094,584,29997,43
4095,567,29996,40
4096,585,30003,44
4097,422,30000,44
4098,577,29997,42
4099,589,29990,33
4100,576,30010,44
4101,603,29994,38
4102,570,30003,42
4103,578,30002,45
4104,430,29994,40
4105,565,30002,42
4106,608,29992,35
4107,578,30006,42
4108,553,30000,43
4109,568,30000,43
4110,582,30000,44
4111,572,29999,44
4112,556,29998,43
4113,616,29995,38
4114,587,30006,45
4115,426,29994,40
4116,584,29994,35
4117,602,30001,36
4118,601,29997,34
4119,565,30008,43
4120,561,30000,44
4121,610,29992,36
4122,423,29998,35
4123,614,30022,58
4124,561,29985,44
4125,565,29998,42
4126,572,29999,41
4127,581,30003,45
4128,561,29997,43
4129,605,29992,35
4130,583,30011,47
4131,566,29994,42
4132,567,29998,41
4133,421,29992,33
4134,586,30018,52
4135,585,29981,34
4136,560,30008,43
4137,581,30001,45
4138,586,29996,41
4139,563,29999,41
4140,422,29993,35
4141,581,30006,42
4142,583,29992,34
4143,561,30007,42
4144,564,30001,44
4145,566,29996,41
4146,572,30000,41
4147,580,30003,45
4148,581,29999,45
4149,563,29996,42
4150,611,29992,34
4151,441,30009,44
4152,587,29987,32
4153,564,30007,40
4154,612,30005,45
4155,549,29992,38
4156,609,29994,33
4157,584,29999,33
4158,438,30011,44
4159,581,29999,43
4160,557,29998,42
4161,578,30002,45
4162,575,29995,40
4163,558,29998,39
4164,585,30005,45
4165,561,29995,41
4166,576,29999,40
4167,604,29992,33
4168,578,30012,46
4169,423,29986,33
4170,571,30009,42
4171,568,30002,45
4172,554,29996,42
4173,562,29997,40
4174,598,29995,35
4175,569,30010,46
4176,422,29997,44
4177,568,29999,44
4178,584,30000,44
4179,562,29997,42
4180,579,30002,45
4181,866,29998,44
4182,578,30000,44
4183,564,30000,45
4184,604,29988,34
4185,614,30008,43
4186,615,29992,35
4187,430,30007,43
4188,572,30001,45
4189,567,29995,41
4190,587,29992,33
4191,574,30007,41
4192,592,29994,35
4193,568,30007,43
4194,425,29996,40
4195,570,30004,44
4196,552,29995,40
4197,565,30003,44
4198,570,30000,45
4199,564,29996,41
4200,562,29999,41
4201,608,29993,35
4202,594,30009,45
4203,933,29988,33
4204,569,30011,45
4205,433,29999,45
4206,582,29997,43
4207,560,29998,41
4208,583,30001,43
4209,606,29992,36
4210,570,30005,42
4211,589,29990,32
4212,442,30012,45
4213,564,29994,40
4214,578,30011,52
4215,569,29988,40
4216,569,30001,42
4217,627,29990,33
4218,611,30001,35
4219,575,30007,42
4220,589,29989,32
4221,566,30007,40
4222,602,30024,65
4223,427,29974,39
4224,572,29992,32
4225,611,30002,35
4226,595,30010,45
4227,561,29995,40
4228,590,29993,34
4229,586,30009,44
4230,425,29996,41
4231,583,29998,39
4232,562,30004,44
4233,584,29998,43
4234,569,29996,40
4235,613,29995,35
4236,573,30009,45
4237,575,29988,34
4238,566,30017,52
4239,593,29991,43
4240,578,30000,44
4241,423,29997,42
4242,601,29993,36
4243,590,30008,44
4244,556,29995,40
4245,597,29998,39
4246,570,30005,45
4247,582,29997,43
4248,426,30001,44
4249,602,29991,36
4250,567,30005,42
4251,575,29996,39
4252,618,29996,35
4253,589,30008,44
4254,589,29988,33
4255,435,30011,45
4256,561,29996,41
4257,576,30000,42
4258,574,29992,35
4259,430,30006,41
4260,575,30002,43
4261,565,29996,40
4262,602,29992,33
4263,593,30008,42
4264,562,29998,40
4265,565,29999,40
4266,426,30002,43
4267,595,29991,35
4268,558,30004,39
4269,578,30003,43
4270,561,29999,43
4271,602,29990,34
4272,584,29999,33
4273,432,30008,42
4274,572,30000,43
4275,581,29998,42
4276,571,30001,43
4277,430,29999,43
4278,559,29996,40
4279,606,29992,33
4280,554,30079,112
4281,569,29931,44
4282,562,29996,41
4283,582,30000,42
4284,437,30002,44
4285,568,29995,40
4286,572,30001,42
4287,607,30002,45
4288,584,29986,31
4289,612,30002,34
4290,561,30004,39
4291,455,30003,43
4292,594,29993,35
4293,570,30006,42
4294,574,30001,44
4295,431,29996,41
4296,596,29993,34
4297,569,30005,40
4298,574,30001,42
4299,578,29999,42
4300,563,29999,41
4301,582,30002,44
4302,427,29997,42
4303,582,29998,41
4304,573,30001,43
4305,592,29993,36
4306,599,29997,34
4307,577,30008,43
4308,578,30005,49
4309,439,29995,44
4310,585,29997,42
4311,598,30001,44
4312,567,29996,41
4313,427,30002,43
4314,560,29998,42
4315,589,29999,42
4316,601,29992,35
4317,598,30000,35
4318,568,30008,44
4319,594,29997,42
4320,432,29999,42
4321,624,29994,36
4322,589,29997,34
4323,616,29999,34
4324,558,30006,41
4325,594,30004,45
4326,569,29988,33
4327,438,30008,42
4328,568,29999,42
4329,603,29993,35
4330,577,30005,41
4331,428,29998,40
4332,589,30000,41
4333,599,30002,43
4334,576,29998,42
4335,564,29999,42
4336,567,29997,40
4337,576,30002,42
4338,420,29999,42
4339,595,29991,34
4340,620,29999,34
4341,581,30007,41
4342,603,29994,36
4343,576,30007,44
4344,575,30004,49
4345,438,29997,46
4346,564,29994,41
4347,575,29998,40
4348,584,30002,43
4349,429,29998,41
4350,593,29992,34
4351,561,30006,41
4352,591,30006,48
4353,595,29990,38
4354,560,30003,42
4355,558,29996,39
4356,431,29997,37
4357,599,29996,34
4358,560,30008,42
4359,585,29998,40
4360,584,29992,33
4361,564,30007,41
4362,567,30008,49
4363,438,29989,39
4364,575,30000,40
4365,565,29999,40
4366,570,30002,42
4367,436,29990,33
4368,577,30007,41
4369,571,30002,44
4370,584,29998,42
4371,562,29999,42
4372,571,29997,40
4373,602,29994,35
4374,422,30000,35
4375,565,30004,40
4376,597,30000,41
4377,632,29996,38
4378,564,30005,43
4379,585,30023,67
4380,577,29975,43
4381,424,29997,41
4382,560,29998,39
4383,599,30002,42
4384,611,29991,34
4385,429,30005,40
4386,568,30002,42
4387,571,29997,40
4388,582,30004,45
4389,569,29994,40
4390,580,29994,34
4391,605,30006,41
4392,422,29994,35
4393,579,30007,43
4394,600,29992,35
4395,581,30004,40
4396,559,29999,40
4397,586,30004,45
4398,566,29996,41
4399,445,30002,44
4400,565,29995,40
4401,607,29997,38
4402,571,30002,40
4403,439,30002,43
4404,567,29998,42
4405,569,30001,44
4406,562,29996,41
4407,608,29995,36
4408,575,30007,44
4409,568,29995,40
4410,432,30005,46
4411,603,29988,34
4412,560,30007,42
4413,577,29998,41
4414,574,30002,44
4415,587,30000,44
4416,562,29996,41
4417,432,29994,36
4418,569,30007,44
4419,583,29997,41
4420,574,30002,44
4421,436,29987,32
4422,556,30009,42
4423,565,29999,41
4424,614,29995,37
4425,607,29999,37
4426,573,30007,44
4427,591,29999,43
4428,430,29990,34
4429,561,30004,39
4430,552,30000,40
4431,585,30003,43
4432,566,29995,39
4433,605,29993,33
4434,589,30009,43
4435,445,29998,41
4436,564,29998,40
4437,878,29998,39
4438,595,29996,36
4439,432,30006,42
4440,563,30000,43
4441,607,29992,36
4442,593,29997,34
4443,576,30005,39
4444,569,30003,43
4445,576,29998,42
4446,422,30008,51
4447,579,29989,40
4448,601,29993,34
4449,584,30008,43
4450,566,29998,42
4451,601,30002,44
4452,559,29997,42
4453,420,29996,39
4454,552,30001,41
4455,620,29992,33
4456,567,30008,42
4457,423,29990,33
4458,595,30002,36
4459,570,30005,41
4460,600,30002,43
4461,580,29999,43
4462,587,29991,35
4463,584,30006,42
4464,426,29998,40
4465,618,29995,36
4466,558,30003,40
4467,588,29995,36
4468,582,30010,46
4469,574,29993,40
4470,577,30001,42
4471,435,29999,42
4472,588,30001,43
4473,561,29995,39
4474,564,30001,41
4475,442,29996,38
4476,564,30002,40
4477,566,29999,40
4478,592,30033,74
4479,580,29967,42
4480,585,30002,44
4481,591,29997,42
4482,453,29993,36
4483,603,30004,41
4484,566,30000,41
4485,590,30002,44
4486,565,29994,39
4487,577,30001,41
4488,568,30000,41
4489,442,30003,45
4490,566,29995,41
4491,587,29997,39
4492,634,29997,35
4493,434,30005,41
4494,559,29998,40
4495,593,30004,45
4496,585,29990,35
4497,570,30004,40
4498,557,30000,41
4499,594,30003,45
4500,434,29995,40
4501,586,30002,43
4502,601,30000,44
4503,580,29996,41
4504,568,29998,39
4505,593,30006,46
4506,597,29996,43
4507,436,29995,39
4508,555,29999,39
4509,624,29997,36
4510,582,30005,42
4511,434,29996,39
4512,568,30004,44
4513,575,29999,43
4514,588,29997,41
4515,559,29998,40
4516,580,30004,45
4517,594,29989,34
4518,419,30005,40
4519,622,30005,46
4520,564,29993,40
4521,607,30005,45
4522,570,29997,43
4523,592,29999,43
4524,560,29996,40
4525,431,30003,43
4526,620,29991,34
4527,582,30008,43
4528,570,29997,41
4529,429,29994,35
4530,585,30000,36
4531,580,30003,40
4532,579,30005,46
4533,573,29996,42
4534,565,29996,39
4535,598,30000,40
4536,556,30154,195
4537,618,29838,33
4538,555,30007,41
4539,585,29999,41
4540,566,30001,43
4541,566,29997,40
4542,575,29991,32
4543,442,30005,38
4544,561,30003,42
4545,604,29991,33
4546,593,30000,34
4547,443,30008,43
4548,562,29997,41
4549,571,29999,40
4550,580,30017,58
4551,575,29982,41
4552,562,29998,40
4553,573,30001,41
4554,434,30000,42
4555,588,29997,40
4556,596,29994,35
4557,584,30010,46
4558,576,29998,44
4559,598,30003,47
4560,602,29989,37
4561,423,30003,41
4562,552,29997,38
4563,612,29994,33
4564,603,30004,38
4565,569,30002,41
4566,558,30001,42
4567,591,29996,39
4568,574,30002,42
4569,565,29997,40
4570,569,30003,43
4571,599,30001,45
4572,430,29997,43
4573,609,29993,37
4574,567,30006,43
4575,587,29996,40
4576,551,30001,42
4577,616,30005,48
4578,561,29993,41
4579,428,29998,40
4580,575,30001,42
4581,573,29999,42
4582,556,30000,42
4583,623,30000,43
4584,576,30001,45
4585,560,29998,44
4586,569,30000,44
4587,571,29994,39
4588,576,30003,43
4589,571,29997,41
4590,426,29992,33
4591,589,30006,40
4592,568,29991,31
4593,582,30010,42
4594,598,29992,34
4595,580,30005,40
4596,579,30002,43
4597,429,29999,43
4598,582,29992,35
4599,585,30007,43
4600,597,29990,34
4601,584,30009,44
4602,577,29998,42
4603,576,29997,40
4604,575,30002,43
4605,566,29997,41
4606,559,29997,39
4607,549,30031,70
4608,435,29973,44
4609,570,29996,41
4610,592,29993,35
4611,606,29998,33
4612,564,30010,44
4613,578,29997,42
4614,562,30000,43
4615,436,29999,42
4616,552,29997,40
4617,587,29995,36
4618,568,30006,43
4619,574,29995,38
4620,589,30003,42
4621,562,30001,44
4622,562,29996,41
4623,575,29999,40
4624,578,30000,41
4625,593,30008,50
4626,434,29997,47
4627,622,29988,35
4628,588,29997,33
4629,586,30009,43
4630,563,30002,46
4631,580,29999,45
4632,582,29990,36
4633,420,29998,35
4634,584,30010,46
4635,576,30045,91
4636,566,29952,44
4637,600,29992,37
4638,558,30003,41
4639,586,30006,47
4640,570,29998,46
4641,601,29988,35
4642,586,30002,38
4643,578,30006,44
4644,427,29988,33
4645,594,29999,33
4646,573,30010,44
4647,598,30001,45
4648,552,29997,43
4649,575,30000,44
4650,552,29997,42
4651,437,30001,44
4652,561,29997,41
4653,571,29999,41
4654,610,29991,33
4655,585,30008,42
4656,570,30000,42
4657,569,30009,52
4658,552,29989,42
4659,569,30000,42
4660,566,30004,46
4661,581,29996,43
4662,422,29990,34
4663,587,30008,43
4664,585,29990,33
4665,616,30005,39
4666,581,29994,34
4667,595,29999,34
4668,573,30012,46
4669,415,29995,42
4670,560,30000,43
4671,604,29989,33
4672,563,30009,42
4673,581,30002,45
4674,554,29996,42
4675,584,30004,47
4676,598,30000,47
4677,561,29994,42
4678,568,29999,42
4679,601,29990,33
4680,433,30011,44
4681,609,29991,36
4682,562,30005,42
4683,597,30002,45
4684,576,29997,42
4685,563,30001,44
4686,550,29997,42
4687,432,30001,44
4688,575,29998,42
4689,601,29997,40
4690,563,30005,46
4691,608,29988,35
4692,587,30002,36
4693,866,30005,42
4694,563,30003,46
4695,581,29997,44
4696,586,29990,35
4697,583,30009,44
4698,428,29990,35
4699,585,30006,42
4700,605,29997,40
4701,591,30009,49
4702,571,29997,47
4703,585,29994,42
4704,570,30001,44
4705,423,30001,45
4706,561,29996,42
4707,581,30003,46
4708,591,29990,37
4709,571,30006,43
4710,552,29999,43
4711,582,30000,44
4712,558,29998,43
4713,611,29991,34
4714,569,30009,44
4715,584,30000,45
4716,425,29997,43
4717,598,29996,39
4718,595,29996,36
4719,617,30007,44
4720,563,29999,44
4721,585,30002,46
4722,565,29995,42
4723,427,29998,41
4724,563,30004,46
4725,565,29998,44
4726,561,30000,44
4727,581,29998,43
4728,598,30004,48
4729,571,29995,43
4730,547,29990,34
4731,582,30008,43
4732,578,29999,43
4733,571,30000,43
4734,443,30015,59
4735,619,29978,38
4736,563,30004,43
4737,614,29995,38
4738,565,30007,46
4739,577,29997,44
4740,562,29998,43
4741,419,29998,41
4742,591,29993,35
4743,574,30007,43
4744,557,29998,42
4745,616,29996,39
4746,555,30005,44
4747,593,29990,35
4748,590,30011,47
4749,573,29994,42
4750,557,29999,41
4751,578,30001,43
4752,434,29994,38
4753,565,30005,44
4754,550,29998,42
4755,598,30006,49
4756,561,29994,44
4757,562,29999,44
4758,571,30011,55
4759,429,29990,45
4760,554,29995,41
4761,557,30001,43
4762,602,29993,36
4763,584,30008,45
4764,577,29990,36
4765,583,30012,49
4766,426,29993,42
4767,582,29994,37
4768,575,29997,35
4769,576,30008,44
4770,557,29998,42
4771,580,29998,41
4772,616,29997,39
4773,584,30003,43
4774,550,30002,45
4775,580,29999,45
4776,562,29997,43
4777,421,30000,44
4778,561,29999,43
4779,615,29993,37
4780,579,30010,48
4781,596,29987,36
4782,568,30011,47
4783,578,29994,42
4784,438,30000,43
4785,574,29999,43
4786,575,30002,45
4787,587,29999,45
4788,557,29996,42
4789,609,29994,37
4790,559,30010,48
4791,589,29996,44
4792,746,30124,168
4793,565,29876,45
4794,555,29998,44
4795,424,29999,43
4796,586,30002,46
4797,565,29995,42
4798,587,29995,38
4799,620,30000,38
4800,568,30009,48
4801,572,29996,45
4802,429,29993,39
4803,585,30005,44
4804,588,30001,46
4805,563,29994,41
4806,588,30004,46
4807,588,29996,42
4808,551,29999,42
4809,620,30003,46
4810,558,29996,43
4811,572,29998,41
4812,559,30001,43
4813,428,30003,47
4814,553,29994,42
4815,597,29994,36
4816,603,30000,37
4817,594,30000,38
4818,551,30002,41
4819,584,30007,48
4820,434,29995,44
4821,576,29997,42
4822,552,29998,41
4823,597,30007,48
4824,550,29993,42
4825,564,30000,43
4826,598,29995,38
4827,595,30008,46
4828,560,29996,43
4829,576,30001,45
4830,575,30002,48
4831,424,29995,44
4832,596,29992,36
4833,610,30013,50
4834,578,29994,45
4835,559,30002,48
4836,593,29987,35
4837,586,30009,45
4838,423,29994,40
4839,562,30003,44
4840,581,30000,44
4841,608,29990,35
4842,581,29999,35
4843,598,30001,37
4844,587,30008,45
4845,578,29997,43
4846,558,29998,42
4847,576,30000,43
4848,575,29997,40
4849,423,29993,34
4850,573,30012,47
4851,565,29996,44
4852,578,30001,45
4853,598,29999,45
4854,570,29999,45
4855,556,29995,41
4856,428,30001,42
4857,612,30003,46
4858,558,29993,40
4859,573,30004,44
4860,602,29991,35
4861,567,30007,43
4862,563,30009,53
4863,580,29991,45
4864,598,30000,45
4865,560,29997,43
4866,587,29992,36
4867,431,30000,37
4868,588,30006,43
4869,568,29998,42
4870,610,29996,39
4871,576,30004,44
4872,586,29998,42
4873,620,29992,35
4874,433,30008,44
4875,563,29998,43
4876,571,30000,44
4877,580,29999,43
4878,561,30000,44
4879,557,29995,40
4880,612,29998,39
4881,615,30000,39
4882,570,30004,44
4883,599,29990,35
4884,575,30005,41
4885,430,30003,44
4886,564,29998,43
4887,610,29992,36
4888,617,30000,37
4889,570,30005,42
4890,562,29999,42
4891,557,30026,69
4892,426,29968,37
4893,573,30006,43
4894,580,29996,40
4895,583,30003,44
4896,576,29995,40
4897,609,29993,33
4898,561,30008,42
4899,577,29999,42
4900,597,29990,33
4901,584,30009,42
4902,579,30003,46
4903,423,29994,41
4904,599,29994,36
4905,579,30006,42
4906,568,29998,41
4907,595,29990,32
4908,591,30008,41
4909,587,30002,43
4910,431,30000,44
4911,573,29997,42
4912,584,29999,42
4913,572,29998,40
4914,582,29992,33
4915,578,30011,45
4916,581,29994,40
4917,598,29995,36
4918,557,30004,40
4919,566,30002,43
4920,576,29998,42
4921,427,29999,42
4922,569,30000,42
4923,563,29998,41
4924,623,29993,35
4925,570,30004,40
4926,566,30003,42
4927,576,29999,42
4928,425,29997,40
4929,596,30003,44
4930,567,29996,40
4931,584,30002,43
4932,573,29997,41
4933,580,29999,41
4934,622,29997,38
4935,559,30002,41
4936,564,30001,43
4937,592,29998,42
4938,587,29993,35
4939,427,30006,42
4940,555,29996,39
4941,616,29995,35
4942,588,30002,37
4943,566,30005,43
4944,572,29997,41
4945,626,29994,36
4946,433,30006,42
4947,570,30000,43
4948,579,29997,41
4949,863,29999,41
4950,560,30000,41
4951,617,29991,33
4952,569,30008,42
4953,618,29994,37
4954,569,30004,41
4955,564,30000,42
4956,573,30000,43
4957,416,29997,41
4958,580,30001,42
4959,574,29999,41
4960,576,30003,45
4961,607,29986,32
4962,583,30009,42
4963,578,30000,42
4964,431,29998,41
4965,570,29999,41
4966,582,30010,52
4967,596,29984,36
4968,612,29997,34
4969,573,30004,39
4970,584,30004,44
4971,568,29997,41
4972,601,29992,34
4973,582,30008,43
4974,575,29997,41
4975,428,30001,42
4976,565,29996,39
4977,567,30004,44
4978,611,29988,33
4979,560,30008,41
4980,610,30001,43
4981,589,30002,46
4982,435,29996,43
4983,597,29999,42
4984,578,29998,41
4985,614,29992,34
4986,579,30006,41
4987,560,30003,44
4988,577,29997,42
4989,573,30000,43
4990,595,30023,67
4991,568,29975,42
4992,599,29992,34
4993,418,30006,41
4994,585,29999,41
4995,594,30001,42
4996,578,29997,40
4997,590,30001,42
4998,579,29998,41
4999,577,30000,41
5000,422,30000,42
5001,581,30000,43
5002,628,29992,36
5003,568,30004,41
5004,580,30001,42
5005,592,30001,44
5006,600,29987,32
5007,568,30009,42
5008,571,30000,42
5009,572,29999,42
5010,577,29998,41
5011,440,29999,41
5012,612,29994,35
5013,569,30006,42
5014,586,30003,46
5015,563,29996,43
5016,557,29997,40
5017,594,29993,34
5018,444,30008,43
5019,615,29990,34
5020,564,30006,40
5021,577,30004,45
5022,581,29993,39
5023,558,30000,40
5024,552,30001,41
5025,593,30005,47
5026,583,29995,42
5027,558,29996,39
5028,572,30003,42
5029,424,29992,35
5030,587,30005,41
5031,582,30002,44
5032,576,29999,43
5033,575,29998,42
5034,577,29997,40
5035,582,30003,44
5036,425,29987,31
5037,576,30010,42
5038,580,29999,42
5039,573,30001,44
5040,573,29989,33
5041,562,30006,40
5042,595,29994,35
5043,432,30008,44
5044,567,30011,56
5045,589,29988,44
5046,605,29989,34
5047,439,30011,46
5048,865,29991,38
5049,620,29998,36
5050,590,30007,44
5051,558,29997,42
5052,566,29997,40
5053,597,29994,34
5054,431,30005,40
5055,606,30003,44
5056,593,29997,42
5057,600,29991,33
5058,576,30006,40
5059,583,30002,42
5060,578,29999,42
5061,434,30000,42
5062,581,30002,45
5063,588,29986,32
5064,565,30007,40
5065,413,29999,39
5066,582,30002,42
5067,573,29991,34
5068,563,30006,41
5069,588,30002,43
5070,614,29990,34
5071,569,30006,41
5072,431,30004,46
5073,597,29987,33
5074,583,29999,33
5075,565,30006,40
5076,577,30000,41
5077,573,30001,42
5078,579,29998,41
5079,453,30001,43
5080,594,29993,37
5081,601,29996,33
5082,584,30009,43
5083,434,29999,43
5084,587,29997,41
5085,571,29998,40
5086,592,30002,42
5087,600,29992,35
5088,557,30004,40
5089,644,30019,60
5090,443,29976,36
5091,567,30003,40
5092,601,29997,37
5093,584,30006,44
5094,578,29996,40
5095,567,29999,40
5096,577,30003,44
5097,429,29996,41
5098,577,29998,39
5099,574,30001,41
5100,603,30001,43
5101,430,29999,43
5102,576,29998,41
5103,574,30000,42
5104,624,29992,35
5105,570,30003,39
5106,586,30002,41
5107,604,29993,35
5108,422,29999,35
5109,578,29998,34
5110,588,30011,45
5111,564,29998,44
5112,550,29997,42
5113,579,30001,44
5114,573,29997,41
5115,431,30001,43
5116,564,29997,41
5117,619,29994,36
5118,577,30003,39
5119,444,30004,44
5120,592,30000,45
5121,602,29989,35
5122,582,30005,40
5123,570,30001,42
5124,592,29992,35
5125,568,30008,44
5126,427,30001,45
5127,572,29999,44
5128,563,29997,42
5129,572,29999,42
5130,590,30002,45
5131,572,29999,44
5132,578,29996,41
5133,430,29999,41
5134,609,29995,37
5135,557,30002,39
5136,555,30002,42
5137,438,30000,43
5138,579,29992,36
5139,557,30005,41
5140,573,29999,41
5141,598,30001,43
5142,584,29990,34
5143,569,30009,43
5144,436,29991,35
5145,583,30006,42
5146,549,29998,41
5147,563,30107,148
5148,560,29895,44
5149,589,29996,41
5150,563,30004,46
5151,442,29999,45
5152,556,29993,39
5153,617,29995,35
5154,604,30010,46
5155,432,29988,34
5156,567,30004,39
5157,600,29999,39
5158,599,30004,44
5159,577,29996,39
5160,567,30006,46
5161,626,29990,37
5162,424,30003,41
5163,563,29996,38
5164,562,30004,42
5165,599,29999,42
5166,545,29998,41
5167,586,29992,34
5168,580,30008,42
5169,426,29998,41
5170,561,30000,42
5171,595,30003,46
5172,600,29990,36
5173,425,30003,40
5174,566,30011,52
5175,587,29989,42
5176,585,29991,33
5177,592,30008,42
5178,600,29994,37
5179,573,30001,39
5180,429,30002,41
5181,587,29998,40
5182,566,30002,43
5183,578,29997,41
5184,581,29999,40
5185,582,30001,42
5186,559,29998,41
5187,501,30031,73
5188,618,30008,81
5189,602,29969,51
5190,558,30012,64
5191,432,29998,63
5192,597,29989,51
5193,611,30011,63
5194,568,29994,58
5195,607,30004,63
5196,566,30000,63
5197,591,29999,63
5198,418,29995,59
5199,563,30008,68
5200,560,29993,61
5201,597,30012,74
5202,578,29993,68
5203,574,30000,69
5204,570,29991,61
5205,419,29993,54
5206,595,30004,59
5207,565,30008,68
5208,562,29992,61
5209,440,29997,58
5210,571,29992,51
5211,558,30013,65
5212,611,30001,67
5213,591,29996,63
5214,563,29999,63
5215,562,30002,66
5216,432,30002,69
5217,616,29979,48
5218,565,30018,67
5219,590,30003,71
5220,574,29993,65
5221,589,29996,61
5222,578,30003,65
5223,444,29992,58
5224,563,30007,66
5225,580,29992,58
5226,577,30018,76
5227,429,29983,60
5228,556,29993,54
5229,621,30008,62
5230,571,29994,57
5231,563,30007,65
5232,556,29986,52
5233,592,30017,69
5234,427,29983,53
5235,561,30011,65
5236,600,29995,61
5237,585,30000,61
5238,561,29998,60
5239,552,30003,64
5240,607,29997,62
5241,425,30002,65
5242,579,29989,54
5243,582,30013,68
5244,574,29986,55
5245,435,30000,56
5246,648,30016,72
5247,562,29979,52
5248,578,30013,66
5249,579,29989,56
5250,556,30014,70
5251,565,29983,54
5252,422,30015,70
5253,628,29986,57
5254,555,30005,62
5255,572,30006,69
5256,555,29992,62
5257,630,29995,58
5258,572,30014,72
5259,428,29987,59
5260,576,30011,71
5261,589,29993,65
5262,551,29986,51
5263,432,30003,55
5264,559,30000,56
5265,620,30000,57
5266,563,29997,54
5267,601,30014,69
5268,575,29984,54
5269,579,30009,64
5270,428,30001,65
5271,559,29999,65
5272,552,29998,64
5273,577,29998,63
5274,593,29998,61
5275,566,30007,69
5276,557,30003,73
5277,427,29989,63
5278,575,29998,62
5279,550,29992,54
5280,557,30008,63
5281,517,30001,65
5282,562,30002,68
5283,561,29986,54
5284,580,30017,72
5285,584,29987,60
5286,548,30004,65
5287,607,30004,69
5288,428,29997,67
5289,606,29978,46
5290,557,30018,65
5291,590,29985,50
5292,590,30009,59
5293,577,29998,58
5294,592,30004,63
5295,430,29992,55
5296,562,30010,66
5297,590,29993,60
5298,570,30009,70
5299,432,29984,54
5300,563,30010,65
5301,582,30003,69
5302,631,30005,75
5303,562,29985,60
5304,887,30005,66
5305,600,29999,66
5306,420,29998,65
5307,556,29997,62
5308,602,29997,60
5309,585,29995,56
5310,545,30006,63
5311,591,30000,63
5312,598,29997,61
5313,416,30001,63
5314,548,29994,58
5315,571,30014,72
5316,558,29981,54
5317,427,30000,55
5318,576,30010,66
5319,570,29999,66
5320,571,29996,62
5321,607,29991,54
5322,563,30014,69
5323,556,29994,64
5324,420,29999,63
5325,620,29996,60
5326,556,30005,65
5327,572,30007,73
5328,591,29988,61
5329,585,30003,65
5330,559,29996,62
5331,421,30001,64
5332,577,30005,69
5333,589,29993,63
5334,570,30001,65
5335,436,29998,64
5336,560,30002,66
5337,585,29993,60
5338,572,30001,62
5339,572,30001,64
5340,541,30001,65
5341,587,29996,62
5342,432,29998,61
5343,561,29992,54
5344,554,30012,66
5345,628,30001,68
5346,564,29988,57
5347,557,29999,57
5348,556,30007,64
5349,428,30001,66
5350,558,30000,67
5351,554,29986,54
5352,602,30009,63
5353,428,29996,60
5354,562,30002,63
5355,559,29990,54
5356,587,30017,72
5357,577,29984,56
5358,567,30017,74
5359,610,29994,68
5360,424,29995,64
5361,615,29989,53
5362,585,30005,59
5363,573,30012,72
5364,553,29992,65
5365,579,29995,60
5366,571,30010,71
5367,525,29992,64
5368,561,29988,53
5369,642,30012,65
5370,557,29989,55
5371,558,30009,65
5372,548,29989,55
5373,595,30014,69
5374,549,29984,54
5375,558,30009,64
5376,612,29983,48
5377,590,30014,62
5378,426,30001,64
5379,558,30001,66
5380,569,29986,53
5381,585,30011,64
5382,550,29988,53
5383,602,30010,64
5384,565,29989,54
5385,413,30002,56
5386,612,30026,83
5387,562,29981,65
5388,570,29987,53
5389,578,30009,62
5390,635,29989,52
5391,603,30013,66
5392,575,29981,47
5393,609,30018,66
5394,552,29988,54
5395,555,30009,64
5396,425,30005,70
5397,626,29990,61
5398,549,30001,62
5399,558,30003,66
5400,570,30002,69
5401,597,30003,73
5402,561,29999,72
5403,750,30049,122
5404,618,29937,60
5405,592,30001,62
5406,562,30000,62
5407,574,30009,72
5408,555,29991,64
5409,598,29989,54
5410,652,30013,67
5411,570,29988,56
5412,552,30008,65
5413,591,29994,60
5414,423,30000,60
5415,551,29995,56
5416,553,30008,65
5417,605,29997,63
5418,553,30000,63
5419,554,29999,63
5420,567,30002,66
5421,425,29991,58
5422,557,30007,65
5423,563,29999,65
5424,566,30006,72
5425,590,29989,62
5426,613,30009,70
5427,608,29997,68
5428,600,29993,62
5429,571,30002,65
5430,552,29989,55
5431,570,30019,74
5432,424,29980,55
5433,579,30007,63
5434,616,30005,69
5435,572,29996,65
5436,546,29996,62
5437,579,30000,63
5438,628,29994,58
5439,423,30010,68
5440,555,29998,67
5441,569,30022,90
5442,620,29969,60
5443,558,30004,64
5444,605,30006,71
5445,604,29984,56
5446,539,30008,65
5447,556,29989,54
5448,575,30006,61
5449,583,29999,61
5450,419,30003,65
5451,558,30002,67
5452,584,29989,57
5453,587,30005,63
5454,549,30002,66
5455,560,30000,66
5456,558,29997,64
5457,423,29998,63
5458,559,30009,73
5459,597,29981,53
5460,550,30011,65
5461,603,29987,53
5462,607,30018,72
5463,561,29991,63
5464,538,30003,67
5465,620,29990,58
5466,629,30002,61
5467,589,29997,59
5468,419,30011,70
5469,581,29993,64
5470,552,29999,64
5471,562,30003,68
5472,561,29998,66
5473,613,29989,56
5474,564,30006,63
5475,492,30012,76
5476,553,29987,63
5477,591,30004,68
5478,624,29986,55

Average (us),562.035408
Max (us),933
Total underruns,0
